name,fold,label
0.wav,1,1
1.wav,1,1
2.wav,1,1
3.wav,1,1
4.wav,1,1
5.wav,1,1
6.wav,1,1
7.wav,1,1
8.wav,1,1
9.wav,1,1
10.wav,1,1
11.wav,1,1
12.wav,1,1
13.wav,1,1
14.wav,1,1
15.wav,1,1
16.wav,1,1
17.wav,1,1
18.wav,1,1
19.wav,1,1
20.wav,1,1
21.wav,1,1
22.wav,1,1
23.wav,1,1
24.wav,1,1
25.wav,1,1
26.wav,1,1
27.wav,1,1
28.wav,1,1
29.wav,1,1
30.wav,1,1
31.wav,1,1
32.wav,1,1
33.wav,1,1
34.wav,1,1
35.wav,1,1
36.wav,1,1
37.wav,1,1
38.wav,1,1
39.wav,1,1
40.wav,1,1
41.wav,1,1
42.wav,1,1
43.wav,1,1
44.wav,1,1
45.wav,1,1
46.wav,1,1
47.wav,1,1
48.wav,1,1
49.wav,1,1
50.wav,1,1
51.wav,1,1
52.wav,1,1
53.wav,1,1
54.wav,1,1
55.wav,1,1
56.wav,1,1
57.wav,1,1
58.wav,1,1
59.wav,1,1
60.wav,1,1
61.wav,1,1
62.wav,1,1
63.wav,1,1
64.wav,1,1
65.wav,1,1
66.wav,1,1
67.wav,1,1
68.wav,1,1
69.wav,1,1
70.wav,1,1
71.wav,1,1
72.wav,1,1
73.wav,1,1
74.wav,1,1
75.wav,1,1
76.wav,1,1
77.wav,1,1
78.wav,1,1
79.wav,1,1
80.wav,1,1
81.wav,1,1
82.wav,1,1
83.wav,1,1
84.wav,1,1
85.wav,1,1
86.wav,1,1
87.wav,1,1
88.wav,1,1
89.wav,1,1
90.wav,1,1
91.wav,1,1
92.wav,1,1
93.wav,1,1
94.wav,1,1
95.wav,1,1
96.wav,1,1
97.wav,1,1
98.wav,1,1
99.wav,1,1
100.wav,1,1
101.wav,1,1
102.wav,1,1
103.wav,1,1
104.wav,1,1
105.wav,1,1
106.wav,1,1
107.wav,1,1
108.wav,1,1
109.wav,1,1
110.wav,1,1
111.wav,1,1
112.wav,1,1
113.wav,1,1
114.wav,1,1
115.wav,1,1
116.wav,1,1
117.wav,1,1
118.wav,1,1
119.wav,1,1
120.wav,1,1
121.wav,1,1
122.wav,1,1
123.wav,1,1
124.wav,1,1
125.wav,1,1
126.wav,1,1
127.wav,1,1
128.wav,1,1
129.wav,1,1
130.wav,1,1
131.wav,1,1
132.wav,1,1
133.wav,1,1
134.wav,1,1
135.wav,1,1
136.wav,1,1
137.wav,1,1
138.wav,1,1
139.wav,1,1
140.wav,1,1
141.wav,1,1
142.wav,1,1
143.wav,1,1
144.wav,1,1
145.wav,1,1
146.wav,1,1
147.wav,1,1
148.wav,1,1
149.wav,1,1
150.wav,1,1
151.wav,1,1
152.wav,1,1
153.wav,1,1
154.wav,1,1
155.wav,1,1
156.wav,1,1
157.wav,1,1
158.wav,1,1
159.wav,1,1
160.wav,1,1
161.wav,1,1
162.wav,1,1
163.wav,1,1
164.wav,1,1
165.wav,1,1
166.wav,1,1
167.wav,1,1
168.wav,1,1
169.wav,1,1
170.wav,1,1
171.wav,1,1
172.wav,1,1
173.wav,1,1
174.wav,1,1
175.wav,1,1
176.wav,1,1
177.wav,1,1
178.wav,1,1
179.wav,1,1
180.wav,1,1
181.wav,1,1
182.wav,1,1
183.wav,1,1
184.wav,1,1
185.wav,1,1
186.wav,1,1
187.wav,1,1
188.wav,1,1
189.wav,1,1
190.wav,1,1
191.wav,1,1
192.wav,1,1
193.wav,1,1
194.wav,1,1
195.wav,1,1
196.wav,1,1
197.wav,1,1
198.wav,1,1
199.wav,1,1
200.wav,1,1
201.wav,1,1
202.wav,1,1
203.wav,1,1
204.wav,1,1
205.wav,1,1
206.wav,1,1
207.wav,1,1
208.wav,1,1
209.wav,1,1
210.wav,1,1
211.wav,1,1
212.wav,1,1
213.wav,1,1
214.wav,1,1
215.wav,1,1
216.wav,1,1
217.wav,1,1
218.wav,1,1
219.wav,1,1
220.wav,1,1
221.wav,1,1
222.wav,1,1
223.wav,1,1
224.wav,1,1
225.wav,1,1
226.wav,1,1
227.wav,1,1
228.wav,1,1
229.wav,1,1
230.wav,1,1
231.wav,1,1
232.wav,1,1
233.wav,1,1
234.wav,1,1
235.wav,1,1
236.wav,1,1
237.wav,1,1
238.wav,1,1
239.wav,1,1
240.wav,1,1
241.wav,1,1
242.wav,1,1
243.wav,1,1
244.wav,1,1
245.wav,1,1
246.wav,1,1
247.wav,1,1
248.wav,1,1
249.wav,1,1
250.wav,1,1
251.wav,1,1
252.wav,1,1
253.wav,1,1
254.wav,1,1
255.wav,1,1
256.wav,1,1
257.wav,1,1
258.wav,1,1
259.wav,1,1
260.wav,1,1
261.wav,1,1
262.wav,1,1
263.wav,1,1
264.wav,1,1
265.wav,1,1
266.wav,1,1
267.wav,1,1
268.wav,1,1
269.wav,1,1
270.wav,1,1
271.wav,1,1
272.wav,1,1
273.wav,1,1
274.wav,1,1
275.wav,1,1
276.wav,1,1
277.wav,1,1
278.wav,1,1
279.wav,1,1
280.wav,1,1
281.wav,1,1
282.wav,1,1
283.wav,1,1
284.wav,1,1
285.wav,1,1
286.wav,1,1
287.wav,1,1
288.wav,1,1
289.wav,1,1
290.wav,1,1
291.wav,1,1
292.wav,1,1
293.wav,1,1
294.wav,1,1
295.wav,1,1
296.wav,1,1
297.wav,1,1
298.wav,1,1
299.wav,1,1
300.wav,1,1
301.wav,1,1
302.wav,1,1
303.wav,1,1
304.wav,1,1
305.wav,1,1
306.wav,1,1
307.wav,1,1
308.wav,1,1
309.wav,1,1
310.wav,1,1
311.wav,1,1
312.wav,1,1
313.wav,1,1
314.wav,1,1
315.wav,1,1
316.wav,1,1
317.wav,1,1
318.wav,1,1
319.wav,1,1
320.wav,1,1
321.wav,1,1
322.wav,1,1
323.wav,1,1
324.wav,1,1
325.wav,1,1
326.wav,1,1
327.wav,1,1
328.wav,1,1
329.wav,1,1
330.wav,1,1
331.wav,1,1
332.wav,1,1
333.wav,1,1
334.wav,1,1
335.wav,1,1
336.wav,1,1
337.wav,1,1
338.wav,1,1
339.wav,1,1
340.wav,1,1
341.wav,1,1
342.wav,1,1
343.wav,1,1
344.wav,1,1
345.wav,1,1
346.wav,1,1
347.wav,1,1
348.wav,1,1
349.wav,1,1
350.wav,1,1
351.wav,1,1
352.wav,1,1
353.wav,1,1
354.wav,1,1
355.wav,1,1
356.wav,1,1
357.wav,1,1
358.wav,1,1
359.wav,1,1
360.wav,1,1
361.wav,1,1
362.wav,1,1
363.wav,1,1
364.wav,1,1
365.wav,1,1
366.wav,1,1
367.wav,1,1
368.wav,1,1
369.wav,1,1
370.wav,1,1
371.wav,1,1
372.wav,1,1
373.wav,1,1
374.wav,1,1
375.wav,1,1
376.wav,1,1
377.wav,1,1
378.wav,1,1
379.wav,1,1
380.wav,1,1
381.wav,1,1
382.wav,1,1
383.wav,1,1
384.wav,1,1
385.wav,1,1
386.wav,1,1
387.wav,1,1
388.wav,1,1
389.wav,1,1
390.wav,1,1
391.wav,1,1
392.wav,1,1
393.wav,1,1
394.wav,1,1
395.wav,1,1
396.wav,1,1
397.wav,1,1
398.wav,1,1
399.wav,1,1
400.wav,1,1
401.wav,1,1
402.wav,1,1
403.wav,1,1
404.wav,1,1
405.wav,1,1
406.wav,1,1
407.wav,1,1
408.wav,1,1
409.wav,1,1
410.wav,1,1
411.wav,1,1
412.wav,1,1
413.wav,1,1
414.wav,1,1
415.wav,1,1
416.wav,1,1
417.wav,1,1
418.wav,1,1
419.wav,1,1
420.wav,1,1
421.wav,1,1
422.wav,1,1
423.wav,1,1
424.wav,1,1
425.wav,1,1
426.wav,1,1
427.wav,1,1
428.wav,1,1
429.wav,1,1
430.wav,1,1
431.wav,1,1
432.wav,1,1
433.wav,1,1
434.wav,1,1
435.wav,1,1
436.wav,1,1
437.wav,1,1
438.wav,1,1
439.wav,1,1
440.wav,1,1
441.wav,1,1
442.wav,1,1
443.wav,1,1
444.wav,1,1
445.wav,1,1
446.wav,1,1
447.wav,1,1
448.wav,1,1
449.wav,1,1
450.wav,1,1
451.wav,1,1
452.wav,1,1
453.wav,1,1
454.wav,1,1
455.wav,1,1
456.wav,1,1
457.wav,1,1
458.wav,1,1
459.wav,1,1
460.wav,1,1
461.wav,1,1
462.wav,1,1
463.wav,1,1
464.wav,1,1
465.wav,1,1
466.wav,1,1
467.wav,1,1
468.wav,1,1
469.wav,1,1
470.wav,1,1
471.wav,1,1
472.wav,1,1
473.wav,1,1
474.wav,1,1
475.wav,1,1
476.wav,1,1
477.wav,1,1
478.wav,1,1
479.wav,1,1
480.wav,1,1
481.wav,1,1
482.wav,1,1
483.wav,1,1
484.wav,1,1
485.wav,1,1
486.wav,1,1
487.wav,1,1
488.wav,1,1
489.wav,1,1
490.wav,1,1
491.wav,1,1
492.wav,1,1
493.wav,1,1
494.wav,1,1
495.wav,1,1
496.wav,1,1
497.wav,1,1
498.wav,1,1
499.wav,1,1
500.wav,1,1
501.wav,1,1
502.wav,1,1
503.wav,1,1
504.wav,1,1
505.wav,1,1
506.wav,1,1
507.wav,1,1
508.wav,1,1
509.wav,1,1
510.wav,1,1
511.wav,1,1
512.wav,1,1
513.wav,1,1
514.wav,1,1
515.wav,1,1
516.wav,1,1
517.wav,1,1
518.wav,1,1
519.wav,1,1
520.wav,1,1
521.wav,1,1
522.wav,1,1
523.wav,1,1
524.wav,1,1
525.wav,1,1
526.wav,1,1
527.wav,1,1
528.wav,1,1
529.wav,1,1
530.wav,1,1
531.wav,1,1
532.wav,1,1
533.wav,1,1
534.wav,1,1
535.wav,1,1
536.wav,1,1
537.wav,1,1
538.wav,1,1
539.wav,1,1
540.wav,1,1
541.wav,1,1
542.wav,1,1
543.wav,1,1
544.wav,1,1
545.wav,1,1
546.wav,1,1
547.wav,1,1
548.wav,1,1
549.wav,1,1
550.wav,1,1
551.wav,1,1
552.wav,1,1
553.wav,1,1
554.wav,1,1
555.wav,1,1
556.wav,1,1
557.wav,1,1
558.wav,1,1
559.wav,1,1
560.wav,1,1
561.wav,1,1
562.wav,1,1
563.wav,1,1
564.wav,1,1
565.wav,1,1
566.wav,1,1
567.wav,1,1
568.wav,1,1
569.wav,1,1
570.wav,1,1
571.wav,1,1
572.wav,1,1
573.wav,1,1
574.wav,1,1
575.wav,1,1
576.wav,1,1
577.wav,1,1
578.wav,1,1
579.wav,1,1
580.wav,1,1
581.wav,1,1
582.wav,1,1
583.wav,1,1
584.wav,1,1
585.wav,1,1
586.wav,1,1
587.wav,1,1
588.wav,1,1
589.wav,1,1
590.wav,1,1
591.wav,1,1
592.wav,1,1
593.wav,1,1
594.wav,1,1
595.wav,1,1
596.wav,1,1
597.wav,1,1
598.wav,1,1
599.wav,1,1
600.wav,1,1
601.wav,1,1
602.wav,1,1
603.wav,1,1
604.wav,1,1
605.wav,1,1
606.wav,1,1
607.wav,1,1
608.wav,1,1
609.wav,1,1
610.wav,1,1
611.wav,1,1
612.wav,1,1
613.wav,1,1
614.wav,1,1
615.wav,1,1
616.wav,1,1
617.wav,1,1
618.wav,1,1
619.wav,1,1
620.wav,1,1
621.wav,1,1
622.wav,1,1
623.wav,1,1
624.wav,1,1
625.wav,1,1
626.wav,1,1
627.wav,1,1
628.wav,1,1
629.wav,1,1
630.wav,1,1
631.wav,1,1
632.wav,1,1
633.wav,1,1
634.wav,1,1
635.wav,1,1
636.wav,1,1
637.wav,1,1
638.wav,1,1
639.wav,1,1
640.wav,1,1
641.wav,1,1
642.wav,1,1
643.wav,1,1
644.wav,1,1
645.wav,1,1
646.wav,1,1
647.wav,1,1
648.wav,1,1
649.wav,1,1
650.wav,1,1
651.wav,1,1
652.wav,1,1
653.wav,1,1
654.wav,1,1
655.wav,1,1
656.wav,1,1
657.wav,1,1
658.wav,1,1
659.wav,1,1
660.wav,1,1
661.wav,1,1
662.wav,1,1
663.wav,1,1
664.wav,1,1
665.wav,1,1
666.wav,1,1
667.wav,1,1
668.wav,1,1
669.wav,1,1
670.wav,1,1
671.wav,1,1
672.wav,1,1
673.wav,1,1
674.wav,1,1
675.wav,1,1
676.wav,1,1
677.wav,1,1
678.wav,1,1
679.wav,1,1
680.wav,1,1
681.wav,1,1
682.wav,1,1
683.wav,1,1
684.wav,1,1
685.wav,1,1
686.wav,1,1
687.wav,1,1
688.wav,1,1
689.wav,1,1
690.wav,1,1
691.wav,1,1
692.wav,1,1
693.wav,1,1
694.wav,1,1
695.wav,1,1
696.wav,1,1
697.wav,1,1
698.wav,1,1
699.wav,1,1
700.wav,1,1
701.wav,1,1
702.wav,1,1
703.wav,1,1
704.wav,1,1
705.wav,1,1
706.wav,1,1
707.wav,1,1
708.wav,1,1
709.wav,1,1
710.wav,1,1
711.wav,1,1
712.wav,1,1
713.wav,1,1
714.wav,1,1
715.wav,1,1
716.wav,1,1
717.wav,1,1
718.wav,1,1
719.wav,1,1
720.wav,1,1
721.wav,1,1
722.wav,1,1
723.wav,1,1
724.wav,1,1
725.wav,1,1
726.wav,1,1
727.wav,1,1
728.wav,1,1
729.wav,1,1
730.wav,1,1
731.wav,1,1
732.wav,1,1
733.wav,1,1
734.wav,1,1
735.wav,1,1
736.wav,1,1
737.wav,1,1
738.wav,1,1
739.wav,1,1
740.wav,1,1
741.wav,1,1
742.wav,1,1
743.wav,1,1
744.wav,1,1
745.wav,1,1
746.wav,1,1
747.wav,1,1
748.wav,1,1
749.wav,1,1
750.wav,1,1
751.wav,1,1
752.wav,1,1
753.wav,1,1
754.wav,1,1
755.wav,1,1
756.wav,1,1
757.wav,1,1
758.wav,1,1
759.wav,1,1
760.wav,1,1
761.wav,1,1
762.wav,1,1
763.wav,1,1
764.wav,1,1
765.wav,1,1
766.wav,1,1
767.wav,1,1
768.wav,1,1
769.wav,1,1
770.wav,1,1
771.wav,1,1
772.wav,1,1
773.wav,1,1
774.wav,1,1
775.wav,1,1
776.wav,1,1
777.wav,1,1
778.wav,1,1
779.wav,1,1
780.wav,1,1
781.wav,1,1
782.wav,1,1
783.wav,1,1
784.wav,1,1
785.wav,1,1
786.wav,1,1
787.wav,1,1
788.wav,1,1
789.wav,1,1
790.wav,1,1
791.wav,1,1
792.wav,1,1
793.wav,1,1
794.wav,1,1
795.wav,1,1
796.wav,1,1
797.wav,1,1
798.wav,1,1
799.wav,1,1
800.wav,1,1
801.wav,1,1
802.wav,1,1
803.wav,1,1
804.wav,1,1
805.wav,1,1
806.wav,1,1
807.wav,1,1
808.wav,1,1
809.wav,1,1
810.wav,1,1
811.wav,1,1
812.wav,1,1
813.wav,1,1
814.wav,1,1
815.wav,1,1
816.wav,1,1
817.wav,1,1
818.wav,1,1
819.wav,1,1
820.wav,1,1
821.wav,1,1
822.wav,1,1
823.wav,1,1
824.wav,1,1
825.wav,1,1
826.wav,1,1
827.wav,1,1
828.wav,1,1
829.wav,1,1
830.wav,1,1
831.wav,1,1
832.wav,1,1
833.wav,1,1
834.wav,1,1
835.wav,1,1
836.wav,1,1
837.wav,1,1
838.wav,1,1
839.wav,1,1
840.wav,1,1
841.wav,1,1
842.wav,1,1
843.wav,1,1
844.wav,1,1
845.wav,1,1
846.wav,1,1
847.wav,1,1
848.wav,1,1
849.wav,1,1
850.wav,1,1
851.wav,1,1
852.wav,1,1
853.wav,1,1
854.wav,1,1
855.wav,1,1
856.wav,1,1
857.wav,1,1
858.wav,1,1
859.wav,1,1
860.wav,1,1
861.wav,1,1
862.wav,1,1
863.wav,1,1
864.wav,1,1
865.wav,1,1
866.wav,1,1
867.wav,1,1
868.wav,1,1
869.wav,1,1
870.wav,1,1
871.wav,1,1
872.wav,1,1
873.wav,1,1
874.wav,1,1
875.wav,1,1
876.wav,1,1
877.wav,1,1
878.wav,1,1
879.wav,1,1
880.wav,1,1
881.wav,1,1
882.wav,1,1
883.wav,1,1
884.wav,1,1
885.wav,1,1
886.wav,1,1
887.wav,1,1
888.wav,1,1
889.wav,1,1
890.wav,1,1
891.wav,1,1
892.wav,1,1
893.wav,1,1
894.wav,1,1
895.wav,1,1
896.wav,1,1
897.wav,1,1
898.wav,1,1
899.wav,1,1
900.wav,1,1
901.wav,1,1
902.wav,1,1
903.wav,1,1
904.wav,1,1
905.wav,1,1
906.wav,1,1
907.wav,1,1
908.wav,1,1
909.wav,1,1
910.wav,1,1
911.wav,1,1
912.wav,1,1
913.wav,1,1
914.wav,1,1
915.wav,1,1
916.wav,1,1
917.wav,1,1
918.wav,1,1
919.wav,1,1
920.wav,1,1
921.wav,1,1
922.wav,1,1
923.wav,1,1
924.wav,1,1
925.wav,1,1
926.wav,1,1
927.wav,1,1
928.wav,1,1
929.wav,1,1
930.wav,1,1
931.wav,1,1
932.wav,1,1
933.wav,1,1
934.wav,1,1
935.wav,1,1
936.wav,1,1
937.wav,1,1
938.wav,1,1
939.wav,1,1
940.wav,1,1
941.wav,1,1
942.wav,1,1
943.wav,1,1
944.wav,1,1
945.wav,1,1
946.wav,1,1
947.wav,1,1
948.wav,1,1
949.wav,1,1
950.wav,1,1
951.wav,1,1
952.wav,1,1
953.wav,1,1
954.wav,1,1
955.wav,1,1
956.wav,1,1
957.wav,1,1
958.wav,1,1
959.wav,1,1
960.wav,1,1
961.wav,1,1
962.wav,1,1
963.wav,1,1
964.wav,1,1
965.wav,1,1
966.wav,1,1
967.wav,1,1
968.wav,1,1
969.wav,1,1
970.wav,1,1
971.wav,1,1
972.wav,1,1
973.wav,1,1
974.wav,1,1
975.wav,1,1
976.wav,1,1
977.wav,1,1
978.wav,1,1
979.wav,1,1
980.wav,1,1
981.wav,1,1
982.wav,1,1
983.wav,1,1
984.wav,1,1
985.wav,1,1
986.wav,1,1
987.wav,1,1
988.wav,1,1
989.wav,1,1
990.wav,1,1
991.wav,1,1
992.wav,1,1
993.wav,1,1
994.wav,1,1
995.wav,1,1
996.wav,1,1
997.wav,1,1
998.wav,1,1
999.wav,1,1
0.wav,2,2
1.wav,2,2
2.wav,2,2
3.wav,2,2
4.wav,2,2
5.wav,2,2
6.wav,2,2
7.wav,2,2
8.wav,2,2
9.wav,2,2
10.wav,2,2
11.wav,2,2
12.wav,2,2
13.wav,2,2
14.wav,2,2
15.wav,2,2
16.wav,2,2
17.wav,2,2
18.wav,2,2
19.wav,2,2
20.wav,2,2
21.wav,2,2
22.wav,2,2
23.wav,2,2
24.wav,2,2
25.wav,2,2
26.wav,2,2
27.wav,2,2
28.wav,2,2
29.wav,2,2
30.wav,2,2
31.wav,2,2
32.wav,2,2
33.wav,2,2
34.wav,2,2
35.wav,2,2
36.wav,2,2
37.wav,2,2
38.wav,2,2
39.wav,2,2
40.wav,2,2
41.wav,2,2
42.wav,2,2
43.wav,2,2
44.wav,2,2
45.wav,2,2
46.wav,2,2
47.wav,2,2
48.wav,2,2
49.wav,2,2
50.wav,2,2
51.wav,2,2
52.wav,2,2
53.wav,2,2
54.wav,2,2
55.wav,2,2
56.wav,2,2
57.wav,2,2
58.wav,2,2
59.wav,2,2
60.wav,2,2
61.wav,2,2
62.wav,2,2
63.wav,2,2
64.wav,2,2
65.wav,2,2
66.wav,2,2
67.wav,2,2
68.wav,2,2
69.wav,2,2
70.wav,2,2
71.wav,2,2
72.wav,2,2
73.wav,2,2
74.wav,2,2
75.wav,2,2
76.wav,2,2
77.wav,2,2
78.wav,2,2
79.wav,2,2
80.wav,2,2
81.wav,2,2
82.wav,2,2
83.wav,2,2
84.wav,2,2
85.wav,2,2
86.wav,2,2
87.wav,2,2
88.wav,2,2
89.wav,2,2
90.wav,2,2
91.wav,2,2
92.wav,2,2
93.wav,2,2
94.wav,2,2
95.wav,2,2
96.wav,2,2
97.wav,2,2
98.wav,2,2
99.wav,2,2
100.wav,2,2
101.wav,2,2
102.wav,2,2
103.wav,2,2
104.wav,2,2
105.wav,2,2
106.wav,2,2
107.wav,2,2
108.wav,2,2
109.wav,2,2
110.wav,2,2
111.wav,2,2
112.wav,2,2
113.wav,2,2
114.wav,2,2
115.wav,2,2
116.wav,2,2
117.wav,2,2
118.wav,2,2
119.wav,2,2
120.wav,2,2
121.wav,2,2
122.wav,2,2
123.wav,2,2
124.wav,2,2
125.wav,2,2
126.wav,2,2
127.wav,2,2
128.wav,2,2
129.wav,2,2
130.wav,2,2
131.wav,2,2
132.wav,2,2
133.wav,2,2
134.wav,2,2
135.wav,2,2
136.wav,2,2
137.wav,2,2
138.wav,2,2
139.wav,2,2
140.wav,2,2
141.wav,2,2
142.wav,2,2
143.wav,2,2
144.wav,2,2
145.wav,2,2
146.wav,2,2
147.wav,2,2
148.wav,2,2
149.wav,2,2
150.wav,2,2
151.wav,2,2
152.wav,2,2
153.wav,2,2
154.wav,2,2
155.wav,2,2
156.wav,2,2
157.wav,2,2
158.wav,2,2
159.wav,2,2
160.wav,2,2
161.wav,2,2
162.wav,2,2
163.wav,2,2
164.wav,2,2
165.wav,2,2
166.wav,2,2
167.wav,2,2
168.wav,2,2
169.wav,2,2
170.wav,2,2
171.wav,2,2
172.wav,2,2
173.wav,2,2
174.wav,2,2
175.wav,2,2
176.wav,2,2
177.wav,2,2
178.wav,2,2
179.wav,2,2
180.wav,2,2
181.wav,2,2
182.wav,2,2
183.wav,2,2
184.wav,2,2
185.wav,2,2
186.wav,2,2
187.wav,2,2
188.wav,2,2
189.wav,2,2
190.wav,2,2
191.wav,2,2
192.wav,2,2
193.wav,2,2
194.wav,2,2
195.wav,2,2
196.wav,2,2
197.wav,2,2
198.wav,2,2
199.wav,2,2
200.wav,2,2
201.wav,2,2
202.wav,2,2
203.wav,2,2
204.wav,2,2
205.wav,2,2
206.wav,2,2
207.wav,2,2
208.wav,2,2
209.wav,2,2
210.wav,2,2
211.wav,2,2
212.wav,2,2
213.wav,2,2
214.wav,2,2
215.wav,2,2
216.wav,2,2
217.wav,2,2
218.wav,2,2
219.wav,2,2
220.wav,2,2
221.wav,2,2
222.wav,2,2
223.wav,2,2
224.wav,2,2
225.wav,2,2
226.wav,2,2
227.wav,2,2
228.wav,2,2
229.wav,2,2
230.wav,2,2
231.wav,2,2
232.wav,2,2
233.wav,2,2
234.wav,2,2
235.wav,2,2
236.wav,2,2
237.wav,2,2
238.wav,2,2
239.wav,2,2
240.wav,2,2
241.wav,2,2
242.wav,2,2
243.wav,2,2
244.wav,2,2
245.wav,2,2
246.wav,2,2
247.wav,2,2
248.wav,2,2
249.wav,2,2
250.wav,2,2
251.wav,2,2
252.wav,2,2
253.wav,2,2
254.wav,2,2
255.wav,2,2
256.wav,2,2
257.wav,2,2
258.wav,2,2
259.wav,2,2
260.wav,2,2
261.wav,2,2
262.wav,2,2
263.wav,2,2
264.wav,2,2
265.wav,2,2
266.wav,2,2
267.wav,2,2
268.wav,2,2
269.wav,2,2
270.wav,2,2
271.wav,2,2
272.wav,2,2
273.wav,2,2
274.wav,2,2
275.wav,2,2
276.wav,2,2
277.wav,2,2
278.wav,2,2
279.wav,2,2
280.wav,2,2
281.wav,2,2
282.wav,2,2
283.wav,2,2
284.wav,2,2
285.wav,2,2
286.wav,2,2
287.wav,2,2
288.wav,2,2
289.wav,2,2
290.wav,2,2
291.wav,2,2
292.wav,2,2
293.wav,2,2
294.wav,2,2
295.wav,2,2
296.wav,2,2
297.wav,2,2
298.wav,2,2
299.wav,2,2
300.wav,2,2
301.wav,2,2
302.wav,2,2
303.wav,2,2
304.wav,2,2
305.wav,2,2
306.wav,2,2
307.wav,2,2
308.wav,2,2
309.wav,2,2
310.wav,2,2
311.wav,2,2
312.wav,2,2
313.wav,2,2
314.wav,2,2
315.wav,2,2
316.wav,2,2
317.wav,2,2
318.wav,2,2
319.wav,2,2
320.wav,2,2
321.wav,2,2
322.wav,2,2
323.wav,2,2
324.wav,2,2
325.wav,2,2
326.wav,2,2
327.wav,2,2
328.wav,2,2
329.wav,2,2
330.wav,2,2
331.wav,2,2
332.wav,2,2
333.wav,2,2
334.wav,2,2
335.wav,2,2
336.wav,2,2
337.wav,2,2
338.wav,2,2
339.wav,2,2
340.wav,2,2
341.wav,2,2
342.wav,2,2
343.wav,2,2
344.wav,2,2
345.wav,2,2
346.wav,2,2
347.wav,2,2
348.wav,2,2
349.wav,2,2
350.wav,2,2
351.wav,2,2
352.wav,2,2
353.wav,2,2
354.wav,2,2
355.wav,2,2
356.wav,2,2
357.wav,2,2
358.wav,2,2
359.wav,2,2
360.wav,2,2
361.wav,2,2
362.wav,2,2
363.wav,2,2
364.wav,2,2
365.wav,2,2
366.wav,2,2
367.wav,2,2
368.wav,2,2
369.wav,2,2
370.wav,2,2
371.wav,2,2
372.wav,2,2
373.wav,2,2
374.wav,2,2
375.wav,2,2
376.wav,2,2
377.wav,2,2
378.wav,2,2
379.wav,2,2
380.wav,2,2
381.wav,2,2
382.wav,2,2
383.wav,2,2
384.wav,2,2
385.wav,2,2
386.wav,2,2
387.wav,2,2
388.wav,2,2
389.wav,2,2
390.wav,2,2
391.wav,2,2
392.wav,2,2
393.wav,2,2
394.wav,2,2
395.wav,2,2
396.wav,2,2
397.wav,2,2
398.wav,2,2
399.wav,2,2
400.wav,2,2
401.wav,2,2
402.wav,2,2
403.wav,2,2
404.wav,2,2
405.wav,2,2
406.wav,2,2
407.wav,2,2
408.wav,2,2
409.wav,2,2
410.wav,2,2
411.wav,2,2
412.wav,2,2
413.wav,2,2
414.wav,2,2
415.wav,2,2
416.wav,2,2
417.wav,2,2
418.wav,2,2
419.wav,2,2
420.wav,2,2
421.wav,2,2
422.wav,2,2
423.wav,2,2
424.wav,2,2
425.wav,2,2
426.wav,2,2
427.wav,2,2
428.wav,2,2
429.wav,2,2
430.wav,2,2
431.wav,2,2
432.wav,2,2
433.wav,2,2
434.wav,2,2
435.wav,2,2
436.wav,2,2
437.wav,2,2
438.wav,2,2
439.wav,2,2
440.wav,2,2
441.wav,2,2
442.wav,2,2
443.wav,2,2
444.wav,2,2
445.wav,2,2
446.wav,2,2
447.wav,2,2
448.wav,2,2
449.wav,2,2
450.wav,2,2
451.wav,2,2
452.wav,2,2
453.wav,2,2
454.wav,2,2
455.wav,2,2
456.wav,2,2
457.wav,2,2
458.wav,2,2
459.wav,2,2
460.wav,2,2
461.wav,2,2
462.wav,2,2
463.wav,2,2
464.wav,2,2
465.wav,2,2
466.wav,2,2
467.wav,2,2
468.wav,2,2
469.wav,2,2
470.wav,2,2
471.wav,2,2
472.wav,2,2
473.wav,2,2
474.wav,2,2
475.wav,2,2
476.wav,2,2
477.wav,2,2
478.wav,2,2
479.wav,2,2
480.wav,2,2
481.wav,2,2
482.wav,2,2
483.wav,2,2
484.wav,2,2
485.wav,2,2
486.wav,2,2
487.wav,2,2
488.wav,2,2
489.wav,2,2
490.wav,2,2
491.wav,2,2
492.wav,2,2
493.wav,2,2
494.wav,2,2
495.wav,2,2
496.wav,2,2
497.wav,2,2
498.wav,2,2
499.wav,2,2
500.wav,2,2
501.wav,2,2
502.wav,2,2
503.wav,2,2
504.wav,2,2
505.wav,2,2
506.wav,2,2
507.wav,2,2
508.wav,2,2
509.wav,2,2
510.wav,2,2
511.wav,2,2
512.wav,2,2
513.wav,2,2
514.wav,2,2
515.wav,2,2
516.wav,2,2
517.wav,2,2
518.wav,2,2
519.wav,2,2
520.wav,2,2
521.wav,2,2
522.wav,2,2
523.wav,2,2
524.wav,2,2
525.wav,2,2
526.wav,2,2
527.wav,2,2
528.wav,2,2
529.wav,2,2
530.wav,2,2
531.wav,2,2
532.wav,2,2
533.wav,2,2
534.wav,2,2
535.wav,2,2
536.wav,2,2
537.wav,2,2
538.wav,2,2
539.wav,2,2
540.wav,2,2
541.wav,2,2
542.wav,2,2
543.wav,2,2
544.wav,2,2
545.wav,2,2
546.wav,2,2
547.wav,2,2
548.wav,2,2
549.wav,2,2
550.wav,2,2
551.wav,2,2
552.wav,2,2
553.wav,2,2
554.wav,2,2
555.wav,2,2
556.wav,2,2
557.wav,2,2
558.wav,2,2
559.wav,2,2
560.wav,2,2
561.wav,2,2
562.wav,2,2
563.wav,2,2
564.wav,2,2
565.wav,2,2
566.wav,2,2
567.wav,2,2
568.wav,2,2
569.wav,2,2
570.wav,2,2
571.wav,2,2
572.wav,2,2
573.wav,2,2
574.wav,2,2
575.wav,2,2
576.wav,2,2
577.wav,2,2
578.wav,2,2
579.wav,2,2
580.wav,2,2
581.wav,2,2
582.wav,2,2
583.wav,2,2
584.wav,2,2
585.wav,2,2
586.wav,2,2
587.wav,2,2
588.wav,2,2
589.wav,2,2
590.wav,2,2
591.wav,2,2
592.wav,2,2
593.wav,2,2
594.wav,2,2
595.wav,2,2
596.wav,2,2
597.wav,2,2
598.wav,2,2
599.wav,2,2
600.wav,2,2
601.wav,2,2
602.wav,2,2
603.wav,2,2
604.wav,2,2
605.wav,2,2
606.wav,2,2
607.wav,2,2
608.wav,2,2
609.wav,2,2
610.wav,2,2
611.wav,2,2
612.wav,2,2
613.wav,2,2
614.wav,2,2
615.wav,2,2
616.wav,2,2
617.wav,2,2
618.wav,2,2
619.wav,2,2
620.wav,2,2
621.wav,2,2
622.wav,2,2
623.wav,2,2
624.wav,2,2
625.wav,2,2
626.wav,2,2
627.wav,2,2
628.wav,2,2
629.wav,2,2
630.wav,2,2
631.wav,2,2
632.wav,2,2
633.wav,2,2
634.wav,2,2
635.wav,2,2
636.wav,2,2
637.wav,2,2
638.wav,2,2
639.wav,2,2
640.wav,2,2
641.wav,2,2
642.wav,2,2
643.wav,2,2
644.wav,2,2
645.wav,2,2
646.wav,2,2
647.wav,2,2
648.wav,2,2
649.wav,2,2
650.wav,2,2
651.wav,2,2
652.wav,2,2
653.wav,2,2
654.wav,2,2
655.wav,2,2
656.wav,2,2
657.wav,2,2
658.wav,2,2
659.wav,2,2
660.wav,2,2
661.wav,2,2
662.wav,2,2
663.wav,2,2
664.wav,2,2
665.wav,2,2
666.wav,2,2
667.wav,2,2
668.wav,2,2
669.wav,2,2
670.wav,2,2
671.wav,2,2
672.wav,2,2
673.wav,2,2
674.wav,2,2
675.wav,2,2
676.wav,2,2
677.wav,2,2
678.wav,2,2
679.wav,2,2
680.wav,2,2
681.wav,2,2
682.wav,2,2
683.wav,2,2
684.wav,2,2
685.wav,2,2
686.wav,2,2
687.wav,2,2
688.wav,2,2
689.wav,2,2
690.wav,2,2
691.wav,2,2
692.wav,2,2
693.wav,2,2
694.wav,2,2
695.wav,2,2
696.wav,2,2
697.wav,2,2
698.wav,2,2
699.wav,2,2
700.wav,2,2
701.wav,2,2
702.wav,2,2
703.wav,2,2
704.wav,2,2
705.wav,2,2
706.wav,2,2
707.wav,2,2
708.wav,2,2
709.wav,2,2
710.wav,2,2
711.wav,2,2
712.wav,2,2
713.wav,2,2
714.wav,2,2
715.wav,2,2
716.wav,2,2
717.wav,2,2
718.wav,2,2
719.wav,2,2
720.wav,2,2
721.wav,2,2
722.wav,2,2
723.wav,2,2
724.wav,2,2
725.wav,2,2
726.wav,2,2
727.wav,2,2
728.wav,2,2
729.wav,2,2
730.wav,2,2
731.wav,2,2
732.wav,2,2
733.wav,2,2
734.wav,2,2
735.wav,2,2
736.wav,2,2
737.wav,2,2
738.wav,2,2
739.wav,2,2
740.wav,2,2
741.wav,2,2
742.wav,2,2
743.wav,2,2
744.wav,2,2
745.wav,2,2
746.wav,2,2
747.wav,2,2
748.wav,2,2
749.wav,2,2
750.wav,2,2
751.wav,2,2
752.wav,2,2
753.wav,2,2
754.wav,2,2
755.wav,2,2
756.wav,2,2
757.wav,2,2
758.wav,2,2
759.wav,2,2
760.wav,2,2
761.wav,2,2
762.wav,2,2
763.wav,2,2
764.wav,2,2
765.wav,2,2
766.wav,2,2
767.wav,2,2
768.wav,2,2
769.wav,2,2
770.wav,2,2
771.wav,2,2
772.wav,2,2
773.wav,2,2
774.wav,2,2
775.wav,2,2
776.wav,2,2
777.wav,2,2
778.wav,2,2
779.wav,2,2
780.wav,2,2
781.wav,2,2
782.wav,2,2
783.wav,2,2
784.wav,2,2
785.wav,2,2
786.wav,2,2
787.wav,2,2
788.wav,2,2
789.wav,2,2
790.wav,2,2
791.wav,2,2
792.wav,2,2
793.wav,2,2
794.wav,2,2
795.wav,2,2
796.wav,2,2
797.wav,2,2
798.wav,2,2
799.wav,2,2
800.wav,2,2
801.wav,2,2
802.wav,2,2
803.wav,2,2
804.wav,2,2
805.wav,2,2
806.wav,2,2
807.wav,2,2
808.wav,2,2
809.wav,2,2
810.wav,2,2
811.wav,2,2
812.wav,2,2
813.wav,2,2
814.wav,2,2
815.wav,2,2
816.wav,2,2
817.wav,2,2
818.wav,2,2
819.wav,2,2
820.wav,2,2
821.wav,2,2
822.wav,2,2
823.wav,2,2
824.wav,2,2
825.wav,2,2
826.wav,2,2
827.wav,2,2
828.wav,2,2
829.wav,2,2
830.wav,2,2
831.wav,2,2
832.wav,2,2
833.wav,2,2
834.wav,2,2
835.wav,2,2
836.wav,2,2
837.wav,2,2
838.wav,2,2
839.wav,2,2
840.wav,2,2
841.wav,2,2
842.wav,2,2
843.wav,2,2
844.wav,2,2
845.wav,2,2
846.wav,2,2
847.wav,2,2
848.wav,2,2
849.wav,2,2
850.wav,2,2
851.wav,2,2
852.wav,2,2
853.wav,2,2
854.wav,2,2
855.wav,2,2
856.wav,2,2
857.wav,2,2
858.wav,2,2
859.wav,2,2
860.wav,2,2
861.wav,2,2
862.wav,2,2
863.wav,2,2
864.wav,2,2
865.wav,2,2
866.wav,2,2
867.wav,2,2
868.wav,2,2
869.wav,2,2
870.wav,2,2
871.wav,2,2
872.wav,2,2
873.wav,2,2
874.wav,2,2
875.wav,2,2
876.wav,2,2
877.wav,2,2
878.wav,2,2
879.wav,2,2
880.wav,2,2
881.wav,2,2
882.wav,2,2
883.wav,2,2
884.wav,2,2
885.wav,2,2
886.wav,2,2
887.wav,2,2
888.wav,2,2
889.wav,2,2
890.wav,2,2
891.wav,2,2
892.wav,2,2
893.wav,2,2
894.wav,2,2
895.wav,2,2
896.wav,2,2
897.wav,2,2
898.wav,2,2
899.wav,2,2
900.wav,2,2
901.wav,2,2
902.wav,2,2
903.wav,2,2
904.wav,2,2
905.wav,2,2
906.wav,2,2
907.wav,2,2
908.wav,2,2
909.wav,2,2
910.wav,2,2
911.wav,2,2
912.wav,2,2
913.wav,2,2
914.wav,2,2
915.wav,2,2
916.wav,2,2
917.wav,2,2
918.wav,2,2
919.wav,2,2
920.wav,2,2
921.wav,2,2
922.wav,2,2
923.wav,2,2
924.wav,2,2
925.wav,2,2
926.wav,2,2
927.wav,2,2
928.wav,2,2
929.wav,2,2
930.wav,2,2
931.wav,2,2
932.wav,2,2
933.wav,2,2
934.wav,2,2
935.wav,2,2
936.wav,2,2
937.wav,2,2
938.wav,2,2
939.wav,2,2
940.wav,2,2
941.wav,2,2
942.wav,2,2
943.wav,2,2
944.wav,2,2
945.wav,2,2
946.wav,2,2
947.wav,2,2
948.wav,2,2
949.wav,2,2
950.wav,2,2
951.wav,2,2
952.wav,2,2
953.wav,2,2
954.wav,2,2
955.wav,2,2
956.wav,2,2
957.wav,2,2
958.wav,2,2
959.wav,2,2
960.wav,2,2
961.wav,2,2
962.wav,2,2
963.wav,2,2
964.wav,2,2
965.wav,2,2
966.wav,2,2
967.wav,2,2
968.wav,2,2
969.wav,2,2
970.wav,2,2
971.wav,2,2
972.wav,2,2
973.wav,2,2
974.wav,2,2
975.wav,2,2
976.wav,2,2
977.wav,2,2
978.wav,2,2
979.wav,2,2
980.wav,2,2
981.wav,2,2
982.wav,2,2
983.wav,2,2
984.wav,2,2
985.wav,2,2
986.wav,2,2
987.wav,2,2
988.wav,2,2
989.wav,2,2
990.wav,2,2
991.wav,2,2
992.wav,2,2
993.wav,2,2
994.wav,2,2
995.wav,2,2
996.wav,2,2
997.wav,2,2
998.wav,2,2
999.wav,2,2
0.wav,3,3
1.wav,3,3
2.wav,3,3
3.wav,3,3
4.wav,3,3
5.wav,3,3
6.wav,3,3
7.wav,3,3
8.wav,3,3
9.wav,3,3
10.wav,3,3
11.wav,3,3
12.wav,3,3
13.wav,3,3
14.wav,3,3
15.wav,3,3
16.wav,3,3
17.wav,3,3
18.wav,3,3
19.wav,3,3
20.wav,3,3
21.wav,3,3
22.wav,3,3
23.wav,3,3
24.wav,3,3
25.wav,3,3
26.wav,3,3
27.wav,3,3
28.wav,3,3
29.wav,3,3
30.wav,3,3
31.wav,3,3
32.wav,3,3
33.wav,3,3
34.wav,3,3
35.wav,3,3
36.wav,3,3
37.wav,3,3
38.wav,3,3
39.wav,3,3
40.wav,3,3
41.wav,3,3
42.wav,3,3
43.wav,3,3
44.wav,3,3
45.wav,3,3
46.wav,3,3
47.wav,3,3
48.wav,3,3
49.wav,3,3
50.wav,3,3
51.wav,3,3
52.wav,3,3
53.wav,3,3
54.wav,3,3
55.wav,3,3
56.wav,3,3
57.wav,3,3
58.wav,3,3
59.wav,3,3
60.wav,3,3
61.wav,3,3
62.wav,3,3
63.wav,3,3
64.wav,3,3
65.wav,3,3
66.wav,3,3
67.wav,3,3
68.wav,3,3
69.wav,3,3
70.wav,3,3
71.wav,3,3
72.wav,3,3
73.wav,3,3
74.wav,3,3
75.wav,3,3
76.wav,3,3
77.wav,3,3
78.wav,3,3
79.wav,3,3
80.wav,3,3
81.wav,3,3
82.wav,3,3
83.wav,3,3
84.wav,3,3
85.wav,3,3
86.wav,3,3
87.wav,3,3
88.wav,3,3
89.wav,3,3
90.wav,3,3
91.wav,3,3
92.wav,3,3
93.wav,3,3
94.wav,3,3
95.wav,3,3
96.wav,3,3
97.wav,3,3
98.wav,3,3
99.wav,3,3
100.wav,3,3
101.wav,3,3
102.wav,3,3
103.wav,3,3
104.wav,3,3
105.wav,3,3
106.wav,3,3
107.wav,3,3
108.wav,3,3
109.wav,3,3
110.wav,3,3
111.wav,3,3
112.wav,3,3
113.wav,3,3
114.wav,3,3
115.wav,3,3
116.wav,3,3
117.wav,3,3
118.wav,3,3
119.wav,3,3
120.wav,3,3
121.wav,3,3
122.wav,3,3
123.wav,3,3
124.wav,3,3
125.wav,3,3
126.wav,3,3
127.wav,3,3
128.wav,3,3
129.wav,3,3
130.wav,3,3
131.wav,3,3
132.wav,3,3
133.wav,3,3
134.wav,3,3
135.wav,3,3
136.wav,3,3
137.wav,3,3
138.wav,3,3
139.wav,3,3
140.wav,3,3
141.wav,3,3
142.wav,3,3
143.wav,3,3
144.wav,3,3
145.wav,3,3
146.wav,3,3
147.wav,3,3
148.wav,3,3
149.wav,3,3
150.wav,3,3
151.wav,3,3
152.wav,3,3
153.wav,3,3
154.wav,3,3
155.wav,3,3
156.wav,3,3
157.wav,3,3
158.wav,3,3
159.wav,3,3
160.wav,3,3
161.wav,3,3
162.wav,3,3
163.wav,3,3
164.wav,3,3
165.wav,3,3
166.wav,3,3
167.wav,3,3
168.wav,3,3
169.wav,3,3
170.wav,3,3
171.wav,3,3
172.wav,3,3
173.wav,3,3
174.wav,3,3
175.wav,3,3
176.wav,3,3
177.wav,3,3
178.wav,3,3
179.wav,3,3
180.wav,3,3
181.wav,3,3
182.wav,3,3
183.wav,3,3
184.wav,3,3
185.wav,3,3
186.wav,3,3
187.wav,3,3
188.wav,3,3
189.wav,3,3
190.wav,3,3
191.wav,3,3
192.wav,3,3
193.wav,3,3
194.wav,3,3
195.wav,3,3
196.wav,3,3
197.wav,3,3
198.wav,3,3
199.wav,3,3
200.wav,3,3
201.wav,3,3
202.wav,3,3
203.wav,3,3
204.wav,3,3
205.wav,3,3
206.wav,3,3
207.wav,3,3
208.wav,3,3
209.wav,3,3
210.wav,3,3
211.wav,3,3
212.wav,3,3
213.wav,3,3
214.wav,3,3
215.wav,3,3
216.wav,3,3
217.wav,3,3
218.wav,3,3
219.wav,3,3
220.wav,3,3
221.wav,3,3
222.wav,3,3
223.wav,3,3
224.wav,3,3
225.wav,3,3
226.wav,3,3
227.wav,3,3
228.wav,3,3
229.wav,3,3
230.wav,3,3
231.wav,3,3
232.wav,3,3
233.wav,3,3
234.wav,3,3
235.wav,3,3
236.wav,3,3
237.wav,3,3
238.wav,3,3
239.wav,3,3
240.wav,3,3
241.wav,3,3
242.wav,3,3
243.wav,3,3
244.wav,3,3
245.wav,3,3
246.wav,3,3
247.wav,3,3
248.wav,3,3
249.wav,3,3
250.wav,3,3
251.wav,3,3
252.wav,3,3
253.wav,3,3
254.wav,3,3
255.wav,3,3
256.wav,3,3
257.wav,3,3
258.wav,3,3
259.wav,3,3
260.wav,3,3
261.wav,3,3
262.wav,3,3
263.wav,3,3
264.wav,3,3
265.wav,3,3
266.wav,3,3
267.wav,3,3
268.wav,3,3
269.wav,3,3
270.wav,3,3
271.wav,3,3
272.wav,3,3
273.wav,3,3
274.wav,3,3
275.wav,3,3
276.wav,3,3
277.wav,3,3
278.wav,3,3
279.wav,3,3
280.wav,3,3
281.wav,3,3
282.wav,3,3
283.wav,3,3
284.wav,3,3
285.wav,3,3
286.wav,3,3
287.wav,3,3
288.wav,3,3
289.wav,3,3
290.wav,3,3
291.wav,3,3
292.wav,3,3
293.wav,3,3
294.wav,3,3
295.wav,3,3
296.wav,3,3
297.wav,3,3
298.wav,3,3
299.wav,3,3
300.wav,3,3
301.wav,3,3
302.wav,3,3
303.wav,3,3
304.wav,3,3
305.wav,3,3
306.wav,3,3
307.wav,3,3
308.wav,3,3
309.wav,3,3
310.wav,3,3
311.wav,3,3
312.wav,3,3
313.wav,3,3
314.wav,3,3
315.wav,3,3
316.wav,3,3
317.wav,3,3
318.wav,3,3
319.wav,3,3
320.wav,3,3
321.wav,3,3
322.wav,3,3
323.wav,3,3
324.wav,3,3
325.wav,3,3
326.wav,3,3
327.wav,3,3
328.wav,3,3
329.wav,3,3
330.wav,3,3
331.wav,3,3
332.wav,3,3
333.wav,3,3
334.wav,3,3
335.wav,3,3
336.wav,3,3
337.wav,3,3
338.wav,3,3
339.wav,3,3
340.wav,3,3
341.wav,3,3
342.wav,3,3
343.wav,3,3
344.wav,3,3
345.wav,3,3
346.wav,3,3
347.wav,3,3
348.wav,3,3
349.wav,3,3
350.wav,3,3
351.wav,3,3
352.wav,3,3
353.wav,3,3
354.wav,3,3
355.wav,3,3
356.wav,3,3
357.wav,3,3
358.wav,3,3
359.wav,3,3
360.wav,3,3
361.wav,3,3
362.wav,3,3
363.wav,3,3
364.wav,3,3
365.wav,3,3
366.wav,3,3
367.wav,3,3
368.wav,3,3
369.wav,3,3
370.wav,3,3
371.wav,3,3
372.wav,3,3
373.wav,3,3
374.wav,3,3
375.wav,3,3
376.wav,3,3
377.wav,3,3
378.wav,3,3
379.wav,3,3
380.wav,3,3
381.wav,3,3
382.wav,3,3
383.wav,3,3
384.wav,3,3
385.wav,3,3
386.wav,3,3
387.wav,3,3
388.wav,3,3
389.wav,3,3
390.wav,3,3
391.wav,3,3
392.wav,3,3
393.wav,3,3
394.wav,3,3
395.wav,3,3
396.wav,3,3
397.wav,3,3
398.wav,3,3
399.wav,3,3
400.wav,3,3
401.wav,3,3
402.wav,3,3
403.wav,3,3
404.wav,3,3
405.wav,3,3
406.wav,3,3
407.wav,3,3
408.wav,3,3
409.wav,3,3
410.wav,3,3
411.wav,3,3
412.wav,3,3
413.wav,3,3
414.wav,3,3
415.wav,3,3
416.wav,3,3
417.wav,3,3
418.wav,3,3
419.wav,3,3
420.wav,3,3
421.wav,3,3
422.wav,3,3
423.wav,3,3
424.wav,3,3
425.wav,3,3
426.wav,3,3
427.wav,3,3
428.wav,3,3
429.wav,3,3
430.wav,3,3
431.wav,3,3
432.wav,3,3
433.wav,3,3
434.wav,3,3
435.wav,3,3
436.wav,3,3
437.wav,3,3
438.wav,3,3
439.wav,3,3
440.wav,3,3
441.wav,3,3
442.wav,3,3
443.wav,3,3
444.wav,3,3
445.wav,3,3
446.wav,3,3
447.wav,3,3
448.wav,3,3
449.wav,3,3
450.wav,3,3
451.wav,3,3
452.wav,3,3
453.wav,3,3
454.wav,3,3
455.wav,3,3
456.wav,3,3
457.wav,3,3
458.wav,3,3
459.wav,3,3
460.wav,3,3
461.wav,3,3
462.wav,3,3
463.wav,3,3
464.wav,3,3
465.wav,3,3
466.wav,3,3
467.wav,3,3
468.wav,3,3
469.wav,3,3
470.wav,3,3
471.wav,3,3
472.wav,3,3
473.wav,3,3
474.wav,3,3
475.wav,3,3
476.wav,3,3
477.wav,3,3
478.wav,3,3
479.wav,3,3
480.wav,3,3
481.wav,3,3
482.wav,3,3
483.wav,3,3
484.wav,3,3
485.wav,3,3
486.wav,3,3
487.wav,3,3
488.wav,3,3
489.wav,3,3
490.wav,3,3
491.wav,3,3
492.wav,3,3
493.wav,3,3
494.wav,3,3
495.wav,3,3
496.wav,3,3
497.wav,3,3
498.wav,3,3
499.wav,3,3
500.wav,3,3
501.wav,3,3
502.wav,3,3
503.wav,3,3
504.wav,3,3
505.wav,3,3
506.wav,3,3
507.wav,3,3
508.wav,3,3
509.wav,3,3
510.wav,3,3
511.wav,3,3
512.wav,3,3
513.wav,3,3
514.wav,3,3
515.wav,3,3
516.wav,3,3
517.wav,3,3
518.wav,3,3
519.wav,3,3
520.wav,3,3
521.wav,3,3
522.wav,3,3
523.wav,3,3
524.wav,3,3
525.wav,3,3
526.wav,3,3
527.wav,3,3
528.wav,3,3
529.wav,3,3
530.wav,3,3
531.wav,3,3
532.wav,3,3
533.wav,3,3
534.wav,3,3
535.wav,3,3
536.wav,3,3
537.wav,3,3
538.wav,3,3
539.wav,3,3
540.wav,3,3
541.wav,3,3
542.wav,3,3
543.wav,3,3
544.wav,3,3
545.wav,3,3
546.wav,3,3
547.wav,3,3
548.wav,3,3
549.wav,3,3
550.wav,3,3
551.wav,3,3
552.wav,3,3
553.wav,3,3
554.wav,3,3
555.wav,3,3
556.wav,3,3
557.wav,3,3
558.wav,3,3
559.wav,3,3
560.wav,3,3
561.wav,3,3
562.wav,3,3
563.wav,3,3
564.wav,3,3
565.wav,3,3
566.wav,3,3
567.wav,3,3
568.wav,3,3
569.wav,3,3
570.wav,3,3
571.wav,3,3
572.wav,3,3
573.wav,3,3
574.wav,3,3
575.wav,3,3
576.wav,3,3
577.wav,3,3
578.wav,3,3
579.wav,3,3
580.wav,3,3
581.wav,3,3
582.wav,3,3
583.wav,3,3
584.wav,3,3
585.wav,3,3
586.wav,3,3
587.wav,3,3
588.wav,3,3
589.wav,3,3
590.wav,3,3
591.wav,3,3
592.wav,3,3
593.wav,3,3
594.wav,3,3
595.wav,3,3
596.wav,3,3
597.wav,3,3
598.wav,3,3
599.wav,3,3
600.wav,3,3
601.wav,3,3
602.wav,3,3
603.wav,3,3
604.wav,3,3
605.wav,3,3
606.wav,3,3
607.wav,3,3
608.wav,3,3
609.wav,3,3
610.wav,3,3
611.wav,3,3
612.wav,3,3
613.wav,3,3
614.wav,3,3
615.wav,3,3
616.wav,3,3
617.wav,3,3
618.wav,3,3
619.wav,3,3
620.wav,3,3
621.wav,3,3
622.wav,3,3
623.wav,3,3
624.wav,3,3
625.wav,3,3
626.wav,3,3
627.wav,3,3
628.wav,3,3
629.wav,3,3
630.wav,3,3
631.wav,3,3
632.wav,3,3
633.wav,3,3
634.wav,3,3
635.wav,3,3
636.wav,3,3
637.wav,3,3
638.wav,3,3
639.wav,3,3
640.wav,3,3
641.wav,3,3
642.wav,3,3
643.wav,3,3
644.wav,3,3
645.wav,3,3
646.wav,3,3
647.wav,3,3
648.wav,3,3
649.wav,3,3
650.wav,3,3
651.wav,3,3
652.wav,3,3
653.wav,3,3
654.wav,3,3
655.wav,3,3
656.wav,3,3
657.wav,3,3
658.wav,3,3
659.wav,3,3
660.wav,3,3
661.wav,3,3
662.wav,3,3
663.wav,3,3
664.wav,3,3
665.wav,3,3
666.wav,3,3
667.wav,3,3
668.wav,3,3
669.wav,3,3
670.wav,3,3
671.wav,3,3
672.wav,3,3
673.wav,3,3
674.wav,3,3
675.wav,3,3
676.wav,3,3
677.wav,3,3
678.wav,3,3
679.wav,3,3
680.wav,3,3
681.wav,3,3
682.wav,3,3
683.wav,3,3
684.wav,3,3
685.wav,3,3
686.wav,3,3
687.wav,3,3
688.wav,3,3
689.wav,3,3
690.wav,3,3
691.wav,3,3
692.wav,3,3
693.wav,3,3
694.wav,3,3
695.wav,3,3
696.wav,3,3
697.wav,3,3
698.wav,3,3
699.wav,3,3
700.wav,3,3
701.wav,3,3
702.wav,3,3
703.wav,3,3
704.wav,3,3
705.wav,3,3
706.wav,3,3
707.wav,3,3
708.wav,3,3
709.wav,3,3
710.wav,3,3
711.wav,3,3
712.wav,3,3
713.wav,3,3
714.wav,3,3
715.wav,3,3
716.wav,3,3
717.wav,3,3
718.wav,3,3
719.wav,3,3
720.wav,3,3
721.wav,3,3
722.wav,3,3
723.wav,3,3
724.wav,3,3
725.wav,3,3
726.wav,3,3
727.wav,3,3
728.wav,3,3
729.wav,3,3
730.wav,3,3
731.wav,3,3
732.wav,3,3
733.wav,3,3
734.wav,3,3
735.wav,3,3
736.wav,3,3
737.wav,3,3
738.wav,3,3
739.wav,3,3
740.wav,3,3
741.wav,3,3
742.wav,3,3
743.wav,3,3
744.wav,3,3
745.wav,3,3
746.wav,3,3
747.wav,3,3
748.wav,3,3
749.wav,3,3
750.wav,3,3
751.wav,3,3
752.wav,3,3
753.wav,3,3
754.wav,3,3
755.wav,3,3
756.wav,3,3
757.wav,3,3
758.wav,3,3
759.wav,3,3
760.wav,3,3
761.wav,3,3
762.wav,3,3
763.wav,3,3
764.wav,3,3
765.wav,3,3
766.wav,3,3
767.wav,3,3
768.wav,3,3
769.wav,3,3
770.wav,3,3
771.wav,3,3
772.wav,3,3
773.wav,3,3
774.wav,3,3
775.wav,3,3
776.wav,3,3
777.wav,3,3
778.wav,3,3
779.wav,3,3
780.wav,3,3
781.wav,3,3
782.wav,3,3
783.wav,3,3
784.wav,3,3
785.wav,3,3
786.wav,3,3
787.wav,3,3
788.wav,3,3
789.wav,3,3
790.wav,3,3
791.wav,3,3
792.wav,3,3
793.wav,3,3
794.wav,3,3
795.wav,3,3
796.wav,3,3
797.wav,3,3
798.wav,3,3
799.wav,3,3
800.wav,3,3
801.wav,3,3
802.wav,3,3
803.wav,3,3
804.wav,3,3
805.wav,3,3
806.wav,3,3
807.wav,3,3
808.wav,3,3
809.wav,3,3
810.wav,3,3
811.wav,3,3
812.wav,3,3
813.wav,3,3
814.wav,3,3
815.wav,3,3
816.wav,3,3
817.wav,3,3
818.wav,3,3
819.wav,3,3
820.wav,3,3
821.wav,3,3
822.wav,3,3
823.wav,3,3
824.wav,3,3
825.wav,3,3
826.wav,3,3
827.wav,3,3
828.wav,3,3
829.wav,3,3
830.wav,3,3
831.wav,3,3
832.wav,3,3
833.wav,3,3
834.wav,3,3
835.wav,3,3
836.wav,3,3
837.wav,3,3
838.wav,3,3
839.wav,3,3
840.wav,3,3
841.wav,3,3
842.wav,3,3
843.wav,3,3
844.wav,3,3
845.wav,3,3
846.wav,3,3
847.wav,3,3
848.wav,3,3
849.wav,3,3
850.wav,3,3
851.wav,3,3
852.wav,3,3
853.wav,3,3
854.wav,3,3
855.wav,3,3
856.wav,3,3
857.wav,3,3
858.wav,3,3
859.wav,3,3
860.wav,3,3
861.wav,3,3
862.wav,3,3
863.wav,3,3
864.wav,3,3
865.wav,3,3
866.wav,3,3
867.wav,3,3
868.wav,3,3
869.wav,3,3
870.wav,3,3
871.wav,3,3
872.wav,3,3
873.wav,3,3
874.wav,3,3
875.wav,3,3
876.wav,3,3
877.wav,3,3
878.wav,3,3
879.wav,3,3
880.wav,3,3
881.wav,3,3
882.wav,3,3
883.wav,3,3
884.wav,3,3
885.wav,3,3
886.wav,3,3
887.wav,3,3
888.wav,3,3
889.wav,3,3
890.wav,3,3
891.wav,3,3
892.wav,3,3
893.wav,3,3
894.wav,3,3
895.wav,3,3
896.wav,3,3
897.wav,3,3
898.wav,3,3
899.wav,3,3
900.wav,3,3
901.wav,3,3
902.wav,3,3
903.wav,3,3
904.wav,3,3
905.wav,3,3
906.wav,3,3
907.wav,3,3
908.wav,3,3
909.wav,3,3
910.wav,3,3
911.wav,3,3
912.wav,3,3
913.wav,3,3
914.wav,3,3
915.wav,3,3
916.wav,3,3
917.wav,3,3
918.wav,3,3
919.wav,3,3
920.wav,3,3
921.wav,3,3
922.wav,3,3
923.wav,3,3
924.wav,3,3
925.wav,3,3
926.wav,3,3
927.wav,3,3
928.wav,3,3
929.wav,3,3
930.wav,3,3
931.wav,3,3
932.wav,3,3
933.wav,3,3
934.wav,3,3
935.wav,3,3
936.wav,3,3
937.wav,3,3
938.wav,3,3
939.wav,3,3
940.wav,3,3
941.wav,3,3
942.wav,3,3
943.wav,3,3
944.wav,3,3
945.wav,3,3
946.wav,3,3
947.wav,3,3
948.wav,3,3
949.wav,3,3
950.wav,3,3
951.wav,3,3
952.wav,3,3
953.wav,3,3
954.wav,3,3
955.wav,3,3
956.wav,3,3
957.wav,3,3
958.wav,3,3
959.wav,3,3
960.wav,3,3
961.wav,3,3
962.wav,3,3
963.wav,3,3
964.wav,3,3
965.wav,3,3
966.wav,3,3
967.wav,3,3
968.wav,3,3
969.wav,3,3
970.wav,3,3
971.wav,3,3
972.wav,3,3
973.wav,3,3
974.wav,3,3
975.wav,3,3
976.wav,3,3
977.wav,3,3
978.wav,3,3
979.wav,3,3
980.wav,3,3
981.wav,3,3
982.wav,3,3
983.wav,3,3
984.wav,3,3
985.wav,3,3
986.wav,3,3
987.wav,3,3
988.wav,3,3
989.wav,3,3
990.wav,3,3
991.wav,3,3
992.wav,3,3
993.wav,3,3
994.wav,3,3
995.wav,3,3
996.wav,3,3
997.wav,3,3
998.wav,3,3
999.wav,3,3
0.wav,4,4
1.wav,4,4
2.wav,4,4
3.wav,4,4
4.wav,4,4
5.wav,4,4
6.wav,4,4
7.wav,4,4
8.wav,4,4
9.wav,4,4
10.wav,4,4
11.wav,4,4
12.wav,4,4
13.wav,4,4
14.wav,4,4
15.wav,4,4
16.wav,4,4
17.wav,4,4
18.wav,4,4
19.wav,4,4
20.wav,4,4
21.wav,4,4
22.wav,4,4
23.wav,4,4
24.wav,4,4
25.wav,4,4
26.wav,4,4
27.wav,4,4
28.wav,4,4
29.wav,4,4
30.wav,4,4
31.wav,4,4
32.wav,4,4
33.wav,4,4
34.wav,4,4
35.wav,4,4
36.wav,4,4
37.wav,4,4
38.wav,4,4
39.wav,4,4
40.wav,4,4
41.wav,4,4
42.wav,4,4
43.wav,4,4
44.wav,4,4
45.wav,4,4
46.wav,4,4
47.wav,4,4
48.wav,4,4
49.wav,4,4
50.wav,4,4
51.wav,4,4
52.wav,4,4
53.wav,4,4
54.wav,4,4
55.wav,4,4
56.wav,4,4
57.wav,4,4
58.wav,4,4
59.wav,4,4
60.wav,4,4
61.wav,4,4
62.wav,4,4
63.wav,4,4
64.wav,4,4
65.wav,4,4
66.wav,4,4
67.wav,4,4
68.wav,4,4
69.wav,4,4
70.wav,4,4
71.wav,4,4
72.wav,4,4
73.wav,4,4
74.wav,4,4
75.wav,4,4
76.wav,4,4
77.wav,4,4
78.wav,4,4
79.wav,4,4
80.wav,4,4
81.wav,4,4
82.wav,4,4
83.wav,4,4
84.wav,4,4
85.wav,4,4
86.wav,4,4
87.wav,4,4
88.wav,4,4
89.wav,4,4
90.wav,4,4
91.wav,4,4
92.wav,4,4
93.wav,4,4
94.wav,4,4
95.wav,4,4
96.wav,4,4
97.wav,4,4
98.wav,4,4
99.wav,4,4
100.wav,4,4
101.wav,4,4
102.wav,4,4
103.wav,4,4
104.wav,4,4
105.wav,4,4
106.wav,4,4
107.wav,4,4
108.wav,4,4
109.wav,4,4
110.wav,4,4
111.wav,4,4
112.wav,4,4
113.wav,4,4
114.wav,4,4
115.wav,4,4
116.wav,4,4
117.wav,4,4
118.wav,4,4
119.wav,4,4
120.wav,4,4
121.wav,4,4
122.wav,4,4
123.wav,4,4
124.wav,4,4
125.wav,4,4
126.wav,4,4
127.wav,4,4
128.wav,4,4
129.wav,4,4
130.wav,4,4
131.wav,4,4
132.wav,4,4
133.wav,4,4
134.wav,4,4
135.wav,4,4
136.wav,4,4
137.wav,4,4
138.wav,4,4
139.wav,4,4
140.wav,4,4
141.wav,4,4
142.wav,4,4
143.wav,4,4
144.wav,4,4
145.wav,4,4
146.wav,4,4
147.wav,4,4
148.wav,4,4
149.wav,4,4
150.wav,4,4
151.wav,4,4
152.wav,4,4
153.wav,4,4
154.wav,4,4
155.wav,4,4
156.wav,4,4
157.wav,4,4
158.wav,4,4
159.wav,4,4
160.wav,4,4
161.wav,4,4
162.wav,4,4
163.wav,4,4
164.wav,4,4
165.wav,4,4
166.wav,4,4
167.wav,4,4
168.wav,4,4
169.wav,4,4
170.wav,4,4
171.wav,4,4
172.wav,4,4
173.wav,4,4
174.wav,4,4
175.wav,4,4
176.wav,4,4
177.wav,4,4
178.wav,4,4
179.wav,4,4
180.wav,4,4
181.wav,4,4
182.wav,4,4
183.wav,4,4
184.wav,4,4
185.wav,4,4
186.wav,4,4
187.wav,4,4
188.wav,4,4
189.wav,4,4
190.wav,4,4
191.wav,4,4
192.wav,4,4
193.wav,4,4
194.wav,4,4
195.wav,4,4
196.wav,4,4
197.wav,4,4
198.wav,4,4
199.wav,4,4
200.wav,4,4
201.wav,4,4
202.wav,4,4
203.wav,4,4
204.wav,4,4
205.wav,4,4
206.wav,4,4
207.wav,4,4
208.wav,4,4
209.wav,4,4
210.wav,4,4
211.wav,4,4
212.wav,4,4
213.wav,4,4
214.wav,4,4
215.wav,4,4
216.wav,4,4
217.wav,4,4
218.wav,4,4
219.wav,4,4
220.wav,4,4
221.wav,4,4
222.wav,4,4
223.wav,4,4
224.wav,4,4
225.wav,4,4
226.wav,4,4
227.wav,4,4
228.wav,4,4
229.wav,4,4
230.wav,4,4
231.wav,4,4
232.wav,4,4
233.wav,4,4
234.wav,4,4
235.wav,4,4
236.wav,4,4
237.wav,4,4
238.wav,4,4
239.wav,4,4
240.wav,4,4
241.wav,4,4
242.wav,4,4
243.wav,4,4
244.wav,4,4
245.wav,4,4
246.wav,4,4
247.wav,4,4
248.wav,4,4
249.wav,4,4
250.wav,4,4
251.wav,4,4
252.wav,4,4
253.wav,4,4
254.wav,4,4
255.wav,4,4
256.wav,4,4
257.wav,4,4
258.wav,4,4
259.wav,4,4
260.wav,4,4
261.wav,4,4
262.wav,4,4
263.wav,4,4
264.wav,4,4
265.wav,4,4
266.wav,4,4
267.wav,4,4
268.wav,4,4
269.wav,4,4
270.wav,4,4
271.wav,4,4
272.wav,4,4
273.wav,4,4
274.wav,4,4
275.wav,4,4
276.wav,4,4
277.wav,4,4
278.wav,4,4
279.wav,4,4
280.wav,4,4
281.wav,4,4
282.wav,4,4
283.wav,4,4
284.wav,4,4
285.wav,4,4
286.wav,4,4
287.wav,4,4
288.wav,4,4
289.wav,4,4
290.wav,4,4
291.wav,4,4
292.wav,4,4
293.wav,4,4
294.wav,4,4
295.wav,4,4
296.wav,4,4
297.wav,4,4
298.wav,4,4
299.wav,4,4
300.wav,4,4
301.wav,4,4
302.wav,4,4
303.wav,4,4
304.wav,4,4
305.wav,4,4
306.wav,4,4
307.wav,4,4
308.wav,4,4
309.wav,4,4
310.wav,4,4
311.wav,4,4
312.wav,4,4
313.wav,4,4
314.wav,4,4
315.wav,4,4
316.wav,4,4
317.wav,4,4
318.wav,4,4
319.wav,4,4
320.wav,4,4
321.wav,4,4
322.wav,4,4
323.wav,4,4
324.wav,4,4
325.wav,4,4
326.wav,4,4
327.wav,4,4
328.wav,4,4
329.wav,4,4
330.wav,4,4
331.wav,4,4
332.wav,4,4
333.wav,4,4
334.wav,4,4
335.wav,4,4
336.wav,4,4
337.wav,4,4
338.wav,4,4
339.wav,4,4
340.wav,4,4
341.wav,4,4
342.wav,4,4
343.wav,4,4
344.wav,4,4
345.wav,4,4
346.wav,4,4
347.wav,4,4
348.wav,4,4
349.wav,4,4
350.wav,4,4
351.wav,4,4
352.wav,4,4
353.wav,4,4
354.wav,4,4
355.wav,4,4
356.wav,4,4
357.wav,4,4
358.wav,4,4
359.wav,4,4
360.wav,4,4
361.wav,4,4
362.wav,4,4
363.wav,4,4
364.wav,4,4
365.wav,4,4
366.wav,4,4
367.wav,4,4
368.wav,4,4
369.wav,4,4
370.wav,4,4
371.wav,4,4
372.wav,4,4
373.wav,4,4
374.wav,4,4
375.wav,4,4
376.wav,4,4
377.wav,4,4
378.wav,4,4
379.wav,4,4
380.wav,4,4
381.wav,4,4
382.wav,4,4
383.wav,4,4
384.wav,4,4
385.wav,4,4
386.wav,4,4
387.wav,4,4
388.wav,4,4
389.wav,4,4
390.wav,4,4
391.wav,4,4
392.wav,4,4
393.wav,4,4
394.wav,4,4
395.wav,4,4
396.wav,4,4
397.wav,4,4
398.wav,4,4
399.wav,4,4
400.wav,4,4
401.wav,4,4
402.wav,4,4
403.wav,4,4
404.wav,4,4
405.wav,4,4
406.wav,4,4
407.wav,4,4
408.wav,4,4
409.wav,4,4
410.wav,4,4
411.wav,4,4
412.wav,4,4
413.wav,4,4
414.wav,4,4
415.wav,4,4
416.wav,4,4
417.wav,4,4
418.wav,4,4
419.wav,4,4
420.wav,4,4
421.wav,4,4
422.wav,4,4
423.wav,4,4
424.wav,4,4
425.wav,4,4
426.wav,4,4
427.wav,4,4
428.wav,4,4
429.wav,4,4
430.wav,4,4
431.wav,4,4
432.wav,4,4
433.wav,4,4
434.wav,4,4
435.wav,4,4
436.wav,4,4
437.wav,4,4
438.wav,4,4
439.wav,4,4
440.wav,4,4
441.wav,4,4
442.wav,4,4
443.wav,4,4
444.wav,4,4
445.wav,4,4
446.wav,4,4
447.wav,4,4
448.wav,4,4
449.wav,4,4
450.wav,4,4
451.wav,4,4
452.wav,4,4
453.wav,4,4
454.wav,4,4
455.wav,4,4
456.wav,4,4
457.wav,4,4
458.wav,4,4
459.wav,4,4
460.wav,4,4
461.wav,4,4
462.wav,4,4
463.wav,4,4
464.wav,4,4
465.wav,4,4
466.wav,4,4
467.wav,4,4
468.wav,4,4
469.wav,4,4
470.wav,4,4
471.wav,4,4
472.wav,4,4
473.wav,4,4
474.wav,4,4
475.wav,4,4
476.wav,4,4
477.wav,4,4
478.wav,4,4
479.wav,4,4
480.wav,4,4
481.wav,4,4
482.wav,4,4
483.wav,4,4
484.wav,4,4
485.wav,4,4
486.wav,4,4
487.wav,4,4
488.wav,4,4
489.wav,4,4
490.wav,4,4
491.wav,4,4
492.wav,4,4
493.wav,4,4
494.wav,4,4
495.wav,4,4
496.wav,4,4
497.wav,4,4
498.wav,4,4
499.wav,4,4
500.wav,4,4
501.wav,4,4
502.wav,4,4
503.wav,4,4
504.wav,4,4
505.wav,4,4
506.wav,4,4
507.wav,4,4
508.wav,4,4
509.wav,4,4
510.wav,4,4
511.wav,4,4
512.wav,4,4
513.wav,4,4
514.wav,4,4
515.wav,4,4
516.wav,4,4
517.wav,4,4
518.wav,4,4
519.wav,4,4
520.wav,4,4
521.wav,4,4
522.wav,4,4
523.wav,4,4
524.wav,4,4
525.wav,4,4
526.wav,4,4
527.wav,4,4
528.wav,4,4
529.wav,4,4
530.wav,4,4
531.wav,4,4
532.wav,4,4
533.wav,4,4
534.wav,4,4
535.wav,4,4
536.wav,4,4
537.wav,4,4
538.wav,4,4
539.wav,4,4
540.wav,4,4
541.wav,4,4
542.wav,4,4
543.wav,4,4
544.wav,4,4
545.wav,4,4
546.wav,4,4
547.wav,4,4
548.wav,4,4
549.wav,4,4
550.wav,4,4
551.wav,4,4
552.wav,4,4
553.wav,4,4
554.wav,4,4
555.wav,4,4
556.wav,4,4
557.wav,4,4
558.wav,4,4
559.wav,4,4
560.wav,4,4
561.wav,4,4
562.wav,4,4
563.wav,4,4
564.wav,4,4
565.wav,4,4
566.wav,4,4
567.wav,4,4
568.wav,4,4
569.wav,4,4
570.wav,4,4
571.wav,4,4
572.wav,4,4
573.wav,4,4
574.wav,4,4
575.wav,4,4
576.wav,4,4
577.wav,4,4
578.wav,4,4
579.wav,4,4
580.wav,4,4
581.wav,4,4
582.wav,4,4
583.wav,4,4
584.wav,4,4
585.wav,4,4
586.wav,4,4
587.wav,4,4
588.wav,4,4
589.wav,4,4
590.wav,4,4
591.wav,4,4
592.wav,4,4
593.wav,4,4
594.wav,4,4
595.wav,4,4
596.wav,4,4
597.wav,4,4
598.wav,4,4
599.wav,4,4
600.wav,4,4
601.wav,4,4
602.wav,4,4
603.wav,4,4
604.wav,4,4
605.wav,4,4
606.wav,4,4
607.wav,4,4
608.wav,4,4
609.wav,4,4
610.wav,4,4
611.wav,4,4
612.wav,4,4
613.wav,4,4
614.wav,4,4
615.wav,4,4
616.wav,4,4
617.wav,4,4
618.wav,4,4
619.wav,4,4
620.wav,4,4
621.wav,4,4
622.wav,4,4
623.wav,4,4
624.wav,4,4
625.wav,4,4
626.wav,4,4
627.wav,4,4
628.wav,4,4
629.wav,4,4
630.wav,4,4
631.wav,4,4
632.wav,4,4
633.wav,4,4
634.wav,4,4
635.wav,4,4
636.wav,4,4
637.wav,4,4
638.wav,4,4
639.wav,4,4
640.wav,4,4
641.wav,4,4
642.wav,4,4
643.wav,4,4
644.wav,4,4
645.wav,4,4
646.wav,4,4
647.wav,4,4
648.wav,4,4
649.wav,4,4
650.wav,4,4
651.wav,4,4
652.wav,4,4
653.wav,4,4
654.wav,4,4
655.wav,4,4
656.wav,4,4
657.wav,4,4
658.wav,4,4
659.wav,4,4
660.wav,4,4
661.wav,4,4
662.wav,4,4
663.wav,4,4
664.wav,4,4
665.wav,4,4
666.wav,4,4
667.wav,4,4
668.wav,4,4
669.wav,4,4
670.wav,4,4
671.wav,4,4
672.wav,4,4
673.wav,4,4
674.wav,4,4
675.wav,4,4
676.wav,4,4
677.wav,4,4
678.wav,4,4
679.wav,4,4
680.wav,4,4
681.wav,4,4
682.wav,4,4
683.wav,4,4
684.wav,4,4
685.wav,4,4
686.wav,4,4
687.wav,4,4
688.wav,4,4
689.wav,4,4
690.wav,4,4
691.wav,4,4
692.wav,4,4
693.wav,4,4
694.wav,4,4
695.wav,4,4
696.wav,4,4
697.wav,4,4
698.wav,4,4
699.wav,4,4
700.wav,4,4
701.wav,4,4
702.wav,4,4
703.wav,4,4
704.wav,4,4
705.wav,4,4
706.wav,4,4
707.wav,4,4
708.wav,4,4
709.wav,4,4
710.wav,4,4
711.wav,4,4
712.wav,4,4
713.wav,4,4
714.wav,4,4
715.wav,4,4
716.wav,4,4
717.wav,4,4
718.wav,4,4
719.wav,4,4
720.wav,4,4
721.wav,4,4
722.wav,4,4
723.wav,4,4
724.wav,4,4
725.wav,4,4
726.wav,4,4
727.wav,4,4
728.wav,4,4
729.wav,4,4
730.wav,4,4
731.wav,4,4
732.wav,4,4
733.wav,4,4
734.wav,4,4
735.wav,4,4
736.wav,4,4
737.wav,4,4
738.wav,4,4
739.wav,4,4
740.wav,4,4
741.wav,4,4
742.wav,4,4
743.wav,4,4
744.wav,4,4
745.wav,4,4
746.wav,4,4
747.wav,4,4
748.wav,4,4
749.wav,4,4
750.wav,4,4
751.wav,4,4
752.wav,4,4
753.wav,4,4
754.wav,4,4
755.wav,4,4
756.wav,4,4
757.wav,4,4
758.wav,4,4
759.wav,4,4
760.wav,4,4
761.wav,4,4
762.wav,4,4
763.wav,4,4
764.wav,4,4
765.wav,4,4
766.wav,4,4
767.wav,4,4
768.wav,4,4
769.wav,4,4
770.wav,4,4
771.wav,4,4
772.wav,4,4
773.wav,4,4
774.wav,4,4
775.wav,4,4
776.wav,4,4
777.wav,4,4
778.wav,4,4
779.wav,4,4
780.wav,4,4
781.wav,4,4
782.wav,4,4
783.wav,4,4
784.wav,4,4
785.wav,4,4
786.wav,4,4
787.wav,4,4
788.wav,4,4
789.wav,4,4
790.wav,4,4
791.wav,4,4
792.wav,4,4
793.wav,4,4
794.wav,4,4
795.wav,4,4
796.wav,4,4
797.wav,4,4
798.wav,4,4
799.wav,4,4
800.wav,4,4
801.wav,4,4
802.wav,4,4
803.wav,4,4
804.wav,4,4
805.wav,4,4
806.wav,4,4
807.wav,4,4
808.wav,4,4
809.wav,4,4
810.wav,4,4
811.wav,4,4
812.wav,4,4
813.wav,4,4
814.wav,4,4
815.wav,4,4
816.wav,4,4
817.wav,4,4
818.wav,4,4
819.wav,4,4
820.wav,4,4
821.wav,4,4
822.wav,4,4
823.wav,4,4
824.wav,4,4
825.wav,4,4
826.wav,4,4
827.wav,4,4
828.wav,4,4
829.wav,4,4
830.wav,4,4
831.wav,4,4
832.wav,4,4
833.wav,4,4
834.wav,4,4
835.wav,4,4
836.wav,4,4
837.wav,4,4
838.wav,4,4
839.wav,4,4
840.wav,4,4
841.wav,4,4
842.wav,4,4
843.wav,4,4
844.wav,4,4
845.wav,4,4
846.wav,4,4
847.wav,4,4
848.wav,4,4
849.wav,4,4
850.wav,4,4
851.wav,4,4
852.wav,4,4
853.wav,4,4
854.wav,4,4
855.wav,4,4
856.wav,4,4
857.wav,4,4
858.wav,4,4
859.wav,4,4
860.wav,4,4
861.wav,4,4
862.wav,4,4
863.wav,4,4
864.wav,4,4
865.wav,4,4
866.wav,4,4
867.wav,4,4
868.wav,4,4
869.wav,4,4
870.wav,4,4
871.wav,4,4
872.wav,4,4
873.wav,4,4
874.wav,4,4
875.wav,4,4
876.wav,4,4
877.wav,4,4
878.wav,4,4
879.wav,4,4
880.wav,4,4
881.wav,4,4
882.wav,4,4
883.wav,4,4
884.wav,4,4
885.wav,4,4
886.wav,4,4
887.wav,4,4
888.wav,4,4
889.wav,4,4
890.wav,4,4
891.wav,4,4
892.wav,4,4
893.wav,4,4
894.wav,4,4
895.wav,4,4
896.wav,4,4
897.wav,4,4
898.wav,4,4
899.wav,4,4
900.wav,4,4
901.wav,4,4
902.wav,4,4
903.wav,4,4
904.wav,4,4
905.wav,4,4
906.wav,4,4
907.wav,4,4
908.wav,4,4
909.wav,4,4
910.wav,4,4
911.wav,4,4
912.wav,4,4
913.wav,4,4
914.wav,4,4
915.wav,4,4
916.wav,4,4
917.wav,4,4
918.wav,4,4
919.wav,4,4
920.wav,4,4
921.wav,4,4
922.wav,4,4
923.wav,4,4
924.wav,4,4
925.wav,4,4
926.wav,4,4
927.wav,4,4
928.wav,4,4
929.wav,4,4
930.wav,4,4
931.wav,4,4
932.wav,4,4
933.wav,4,4
934.wav,4,4
935.wav,4,4
936.wav,4,4
937.wav,4,4
938.wav,4,4
939.wav,4,4
940.wav,4,4
941.wav,4,4
942.wav,4,4
943.wav,4,4
944.wav,4,4
945.wav,4,4
946.wav,4,4
947.wav,4,4
948.wav,4,4
949.wav,4,4
950.wav,4,4
951.wav,4,4
952.wav,4,4
953.wav,4,4
954.wav,4,4
955.wav,4,4
956.wav,4,4
957.wav,4,4
958.wav,4,4
959.wav,4,4
960.wav,4,4
961.wav,4,4
962.wav,4,4
963.wav,4,4
964.wav,4,4
965.wav,4,4
966.wav,4,4
967.wav,4,4
968.wav,4,4
969.wav,4,4
970.wav,4,4
971.wav,4,4
972.wav,4,4
973.wav,4,4
974.wav,4,4
975.wav,4,4
976.wav,4,4
977.wav,4,4
978.wav,4,4
979.wav,4,4
980.wav,4,4
981.wav,4,4
982.wav,4,4
983.wav,4,4
984.wav,4,4
985.wav,4,4
986.wav,4,4
987.wav,4,4
988.wav,4,4
989.wav,4,4
990.wav,4,4
991.wav,4,4
992.wav,4,4
993.wav,4,4
994.wav,4,4
995.wav,4,4
996.wav,4,4
997.wav,4,4
998.wav,4,4
999.wav,4,4
0.wav,5,5
1.wav,5,5
2.wav,5,5
3.wav,5,5
4.wav,5,5
5.wav,5,5
6.wav,5,5
7.wav,5,5
8.wav,5,5
9.wav,5,5
10.wav,5,5
11.wav,5,5
12.wav,5,5
13.wav,5,5
14.wav,5,5
15.wav,5,5
16.wav,5,5
17.wav,5,5
18.wav,5,5
19.wav,5,5
20.wav,5,5
21.wav,5,5
22.wav,5,5
23.wav,5,5
24.wav,5,5
25.wav,5,5
26.wav,5,5
27.wav,5,5
28.wav,5,5
29.wav,5,5
30.wav,5,5
31.wav,5,5
32.wav,5,5
33.wav,5,5
34.wav,5,5
35.wav,5,5
36.wav,5,5
37.wav,5,5
38.wav,5,5
39.wav,5,5
40.wav,5,5
41.wav,5,5
42.wav,5,5
43.wav,5,5
44.wav,5,5
45.wav,5,5
46.wav,5,5
47.wav,5,5
48.wav,5,5
49.wav,5,5
50.wav,5,5
51.wav,5,5
52.wav,5,5
53.wav,5,5
54.wav,5,5
55.wav,5,5
56.wav,5,5
57.wav,5,5
58.wav,5,5
59.wav,5,5
60.wav,5,5
61.wav,5,5
62.wav,5,5
63.wav,5,5
64.wav,5,5
65.wav,5,5
66.wav,5,5
67.wav,5,5
68.wav,5,5
69.wav,5,5
70.wav,5,5
71.wav,5,5
72.wav,5,5
73.wav,5,5
74.wav,5,5
75.wav,5,5
76.wav,5,5
77.wav,5,5
78.wav,5,5
79.wav,5,5
80.wav,5,5
81.wav,5,5
82.wav,5,5
83.wav,5,5
84.wav,5,5
85.wav,5,5
86.wav,5,5
87.wav,5,5
88.wav,5,5
89.wav,5,5
90.wav,5,5
91.wav,5,5
92.wav,5,5
93.wav,5,5
94.wav,5,5
95.wav,5,5
96.wav,5,5
97.wav,5,5
98.wav,5,5
99.wav,5,5
100.wav,5,5
101.wav,5,5
102.wav,5,5
103.wav,5,5
104.wav,5,5
105.wav,5,5
106.wav,5,5
107.wav,5,5
108.wav,5,5
109.wav,5,5
110.wav,5,5
111.wav,5,5
112.wav,5,5
113.wav,5,5
114.wav,5,5
115.wav,5,5
116.wav,5,5
117.wav,5,5
118.wav,5,5
119.wav,5,5
120.wav,5,5
121.wav,5,5
122.wav,5,5
123.wav,5,5
124.wav,5,5
125.wav,5,5
126.wav,5,5
127.wav,5,5
128.wav,5,5
129.wav,5,5
130.wav,5,5
131.wav,5,5
132.wav,5,5
133.wav,5,5
134.wav,5,5
135.wav,5,5
136.wav,5,5
137.wav,5,5
138.wav,5,5
139.wav,5,5
140.wav,5,5
141.wav,5,5
142.wav,5,5
143.wav,5,5
144.wav,5,5
145.wav,5,5
146.wav,5,5
147.wav,5,5
148.wav,5,5
149.wav,5,5
150.wav,5,5
151.wav,5,5
152.wav,5,5
153.wav,5,5
154.wav,5,5
155.wav,5,5
156.wav,5,5
157.wav,5,5
158.wav,5,5
159.wav,5,5
160.wav,5,5
161.wav,5,5
162.wav,5,5
163.wav,5,5
164.wav,5,5
165.wav,5,5
166.wav,5,5
167.wav,5,5
168.wav,5,5
169.wav,5,5
170.wav,5,5
171.wav,5,5
172.wav,5,5
173.wav,5,5
174.wav,5,5
175.wav,5,5
176.wav,5,5
177.wav,5,5
178.wav,5,5
179.wav,5,5
180.wav,5,5
181.wav,5,5
182.wav,5,5
183.wav,5,5
184.wav,5,5
185.wav,5,5
186.wav,5,5
187.wav,5,5
188.wav,5,5
189.wav,5,5
190.wav,5,5
191.wav,5,5
192.wav,5,5
193.wav,5,5
194.wav,5,5
195.wav,5,5
196.wav,5,5
197.wav,5,5
198.wav,5,5
199.wav,5,5
200.wav,5,5
201.wav,5,5
202.wav,5,5
203.wav,5,5
204.wav,5,5
205.wav,5,5
206.wav,5,5
207.wav,5,5
208.wav,5,5
209.wav,5,5
210.wav,5,5
211.wav,5,5
212.wav,5,5
213.wav,5,5
214.wav,5,5
215.wav,5,5
216.wav,5,5
217.wav,5,5
218.wav,5,5
219.wav,5,5
220.wav,5,5
221.wav,5,5
222.wav,5,5
223.wav,5,5
224.wav,5,5
225.wav,5,5
226.wav,5,5
227.wav,5,5
228.wav,5,5
229.wav,5,5
230.wav,5,5
231.wav,5,5
232.wav,5,5
233.wav,5,5
234.wav,5,5
235.wav,5,5
236.wav,5,5
237.wav,5,5
238.wav,5,5
239.wav,5,5
240.wav,5,5
241.wav,5,5
242.wav,5,5
243.wav,5,5
244.wav,5,5
245.wav,5,5
246.wav,5,5
247.wav,5,5
248.wav,5,5
249.wav,5,5
250.wav,5,5
251.wav,5,5
252.wav,5,5
253.wav,5,5
254.wav,5,5
255.wav,5,5
256.wav,5,5
257.wav,5,5
258.wav,5,5
259.wav,5,5
260.wav,5,5
261.wav,5,5
262.wav,5,5
263.wav,5,5
264.wav,5,5
265.wav,5,5
266.wav,5,5
267.wav,5,5
268.wav,5,5
269.wav,5,5
270.wav,5,5
271.wav,5,5
272.wav,5,5
273.wav,5,5
274.wav,5,5
275.wav,5,5
276.wav,5,5
277.wav,5,5
278.wav,5,5
279.wav,5,5
280.wav,5,5
281.wav,5,5
282.wav,5,5
283.wav,5,5
284.wav,5,5
285.wav,5,5
286.wav,5,5
287.wav,5,5
288.wav,5,5
289.wav,5,5
290.wav,5,5
291.wav,5,5
292.wav,5,5
293.wav,5,5
294.wav,5,5
295.wav,5,5
296.wav,5,5
297.wav,5,5
298.wav,5,5
299.wav,5,5
300.wav,5,5
301.wav,5,5
302.wav,5,5
303.wav,5,5
304.wav,5,5
305.wav,5,5
306.wav,5,5
307.wav,5,5
308.wav,5,5
309.wav,5,5
310.wav,5,5
311.wav,5,5
312.wav,5,5
313.wav,5,5
314.wav,5,5
315.wav,5,5
316.wav,5,5
317.wav,5,5
318.wav,5,5
319.wav,5,5
320.wav,5,5
321.wav,5,5
322.wav,5,5
323.wav,5,5
324.wav,5,5
325.wav,5,5
326.wav,5,5
327.wav,5,5
328.wav,5,5
329.wav,5,5
330.wav,5,5
331.wav,5,5
332.wav,5,5
333.wav,5,5
334.wav,5,5
335.wav,5,5
336.wav,5,5
337.wav,5,5
338.wav,5,5
339.wav,5,5
340.wav,5,5
341.wav,5,5
342.wav,5,5
343.wav,5,5
344.wav,5,5
345.wav,5,5
346.wav,5,5
347.wav,5,5
348.wav,5,5
349.wav,5,5
350.wav,5,5
351.wav,5,5
352.wav,5,5
353.wav,5,5
354.wav,5,5
355.wav,5,5
356.wav,5,5
357.wav,5,5
358.wav,5,5
359.wav,5,5
360.wav,5,5
361.wav,5,5
362.wav,5,5
363.wav,5,5
364.wav,5,5
365.wav,5,5
366.wav,5,5
367.wav,5,5
368.wav,5,5
369.wav,5,5
370.wav,5,5
371.wav,5,5
372.wav,5,5
373.wav,5,5
374.wav,5,5
375.wav,5,5
376.wav,5,5
377.wav,5,5
378.wav,5,5
379.wav,5,5
380.wav,5,5
381.wav,5,5
382.wav,5,5
383.wav,5,5
384.wav,5,5
385.wav,5,5
386.wav,5,5
387.wav,5,5
388.wav,5,5
389.wav,5,5
390.wav,5,5
391.wav,5,5
392.wav,5,5
393.wav,5,5
394.wav,5,5
395.wav,5,5
396.wav,5,5
397.wav,5,5
398.wav,5,5
399.wav,5,5
400.wav,5,5
401.wav,5,5
402.wav,5,5
403.wav,5,5
404.wav,5,5
405.wav,5,5
406.wav,5,5
407.wav,5,5
408.wav,5,5
409.wav,5,5
410.wav,5,5
411.wav,5,5
412.wav,5,5
413.wav,5,5
414.wav,5,5
415.wav,5,5
416.wav,5,5
417.wav,5,5
418.wav,5,5
419.wav,5,5
420.wav,5,5
421.wav,5,5
422.wav,5,5
423.wav,5,5
424.wav,5,5
425.wav,5,5
426.wav,5,5
427.wav,5,5
428.wav,5,5
429.wav,5,5
430.wav,5,5
431.wav,5,5
432.wav,5,5
433.wav,5,5
434.wav,5,5
435.wav,5,5
436.wav,5,5
437.wav,5,5
438.wav,5,5
439.wav,5,5
440.wav,5,5
441.wav,5,5
442.wav,5,5
443.wav,5,5
444.wav,5,5
445.wav,5,5
446.wav,5,5
447.wav,5,5
448.wav,5,5
449.wav,5,5
450.wav,5,5
451.wav,5,5
452.wav,5,5
453.wav,5,5
454.wav,5,5
455.wav,5,5
456.wav,5,5
457.wav,5,5
458.wav,5,5
459.wav,5,5
460.wav,5,5
461.wav,5,5
462.wav,5,5
463.wav,5,5
464.wav,5,5
465.wav,5,5
466.wav,5,5
467.wav,5,5
468.wav,5,5
469.wav,5,5
470.wav,5,5
471.wav,5,5
472.wav,5,5
473.wav,5,5
474.wav,5,5
475.wav,5,5
476.wav,5,5
477.wav,5,5
478.wav,5,5
479.wav,5,5
480.wav,5,5
481.wav,5,5
482.wav,5,5
483.wav,5,5
484.wav,5,5
485.wav,5,5
486.wav,5,5
487.wav,5,5
488.wav,5,5
489.wav,5,5
490.wav,5,5
491.wav,5,5
492.wav,5,5
493.wav,5,5
494.wav,5,5
495.wav,5,5
496.wav,5,5
497.wav,5,5
498.wav,5,5
499.wav,5,5
500.wav,5,5
501.wav,5,5
502.wav,5,5
503.wav,5,5
504.wav,5,5
505.wav,5,5
506.wav,5,5
507.wav,5,5
508.wav,5,5
509.wav,5,5
510.wav,5,5
511.wav,5,5
512.wav,5,5
513.wav,5,5
514.wav,5,5
515.wav,5,5
516.wav,5,5
517.wav,5,5
518.wav,5,5
519.wav,5,5
520.wav,5,5
521.wav,5,5
522.wav,5,5
523.wav,5,5
524.wav,5,5
525.wav,5,5
526.wav,5,5
527.wav,5,5
528.wav,5,5
529.wav,5,5
530.wav,5,5
531.wav,5,5
532.wav,5,5
533.wav,5,5
534.wav,5,5
535.wav,5,5
536.wav,5,5
537.wav,5,5
538.wav,5,5
539.wav,5,5
540.wav,5,5
541.wav,5,5
542.wav,5,5
543.wav,5,5
544.wav,5,5
545.wav,5,5
546.wav,5,5
547.wav,5,5
548.wav,5,5
549.wav,5,5
550.wav,5,5
551.wav,5,5
552.wav,5,5
553.wav,5,5
554.wav,5,5
555.wav,5,5
556.wav,5,5
557.wav,5,5
558.wav,5,5
559.wav,5,5
560.wav,5,5
561.wav,5,5
562.wav,5,5
563.wav,5,5
564.wav,5,5
565.wav,5,5
566.wav,5,5
567.wav,5,5
568.wav,5,5
569.wav,5,5
570.wav,5,5
571.wav,5,5
572.wav,5,5
573.wav,5,5
574.wav,5,5
575.wav,5,5
576.wav,5,5
577.wav,5,5
578.wav,5,5
579.wav,5,5
580.wav,5,5
581.wav,5,5
582.wav,5,5
583.wav,5,5
584.wav,5,5
585.wav,5,5
586.wav,5,5
587.wav,5,5
588.wav,5,5
589.wav,5,5
590.wav,5,5
591.wav,5,5
592.wav,5,5
593.wav,5,5
594.wav,5,5
595.wav,5,5
596.wav,5,5
597.wav,5,5
598.wav,5,5
599.wav,5,5
600.wav,5,5
601.wav,5,5
602.wav,5,5
603.wav,5,5
604.wav,5,5
605.wav,5,5
606.wav,5,5
607.wav,5,5
608.wav,5,5
609.wav,5,5
610.wav,5,5
611.wav,5,5
612.wav,5,5
613.wav,5,5
614.wav,5,5
615.wav,5,5
616.wav,5,5
617.wav,5,5
618.wav,5,5
619.wav,5,5
620.wav,5,5
621.wav,5,5
622.wav,5,5
623.wav,5,5
624.wav,5,5
625.wav,5,5
626.wav,5,5
627.wav,5,5
628.wav,5,5
629.wav,5,5
630.wav,5,5
631.wav,5,5
632.wav,5,5
633.wav,5,5
634.wav,5,5
635.wav,5,5
636.wav,5,5
637.wav,5,5
638.wav,5,5
639.wav,5,5
640.wav,5,5
641.wav,5,5
642.wav,5,5
643.wav,5,5
644.wav,5,5
645.wav,5,5
646.wav,5,5
647.wav,5,5
648.wav,5,5
649.wav,5,5
650.wav,5,5
651.wav,5,5
652.wav,5,5
653.wav,5,5
654.wav,5,5
655.wav,5,5
656.wav,5,5
657.wav,5,5
658.wav,5,5
659.wav,5,5
660.wav,5,5
661.wav,5,5
662.wav,5,5
663.wav,5,5
664.wav,5,5
665.wav,5,5
666.wav,5,5
667.wav,5,5
668.wav,5,5
669.wav,5,5
670.wav,5,5
671.wav,5,5
672.wav,5,5
673.wav,5,5
674.wav,5,5
675.wav,5,5
676.wav,5,5
677.wav,5,5
678.wav,5,5
679.wav,5,5
680.wav,5,5
681.wav,5,5
682.wav,5,5
683.wav,5,5
684.wav,5,5
685.wav,5,5
686.wav,5,5
687.wav,5,5
688.wav,5,5
689.wav,5,5
690.wav,5,5
691.wav,5,5
692.wav,5,5
693.wav,5,5
694.wav,5,5
695.wav,5,5
696.wav,5,5
697.wav,5,5
698.wav,5,5
699.wav,5,5
700.wav,5,5
701.wav,5,5
702.wav,5,5
703.wav,5,5
704.wav,5,5
705.wav,5,5
706.wav,5,5
707.wav,5,5
708.wav,5,5
709.wav,5,5
710.wav,5,5
711.wav,5,5
712.wav,5,5
713.wav,5,5
714.wav,5,5
715.wav,5,5
716.wav,5,5
717.wav,5,5
718.wav,5,5
719.wav,5,5
720.wav,5,5
721.wav,5,5
722.wav,5,5
723.wav,5,5
724.wav,5,5
725.wav,5,5
726.wav,5,5
727.wav,5,5
728.wav,5,5
729.wav,5,5
730.wav,5,5
731.wav,5,5
732.wav,5,5
733.wav,5,5
734.wav,5,5
735.wav,5,5
736.wav,5,5
737.wav,5,5
738.wav,5,5
739.wav,5,5
740.wav,5,5
741.wav,5,5
742.wav,5,5
743.wav,5,5
744.wav,5,5
745.wav,5,5
746.wav,5,5
747.wav,5,5
748.wav,5,5
749.wav,5,5
750.wav,5,5
751.wav,5,5
752.wav,5,5
753.wav,5,5
754.wav,5,5
755.wav,5,5
756.wav,5,5
757.wav,5,5
758.wav,5,5
759.wav,5,5
760.wav,5,5
761.wav,5,5
762.wav,5,5
763.wav,5,5
764.wav,5,5
765.wav,5,5
766.wav,5,5
767.wav,5,5
768.wav,5,5
769.wav,5,5
770.wav,5,5
771.wav,5,5
772.wav,5,5
773.wav,5,5
774.wav,5,5
775.wav,5,5
776.wav,5,5
777.wav,5,5
778.wav,5,5
779.wav,5,5
780.wav,5,5
781.wav,5,5
782.wav,5,5
783.wav,5,5
784.wav,5,5
785.wav,5,5
786.wav,5,5
787.wav,5,5
788.wav,5,5
789.wav,5,5
790.wav,5,5
791.wav,5,5
792.wav,5,5
793.wav,5,5
794.wav,5,5
795.wav,5,5
796.wav,5,5
797.wav,5,5
798.wav,5,5
799.wav,5,5
800.wav,5,5
801.wav,5,5
802.wav,5,5
803.wav,5,5
804.wav,5,5
805.wav,5,5
806.wav,5,5
807.wav,5,5
808.wav,5,5
809.wav,5,5
810.wav,5,5
811.wav,5,5
812.wav,5,5
813.wav,5,5
814.wav,5,5
815.wav,5,5
816.wav,5,5
817.wav,5,5
818.wav,5,5
819.wav,5,5
820.wav,5,5
821.wav,5,5
822.wav,5,5
823.wav,5,5
824.wav,5,5
825.wav,5,5
826.wav,5,5
827.wav,5,5
828.wav,5,5
829.wav,5,5
830.wav,5,5
831.wav,5,5
832.wav,5,5
833.wav,5,5
834.wav,5,5
835.wav,5,5
836.wav,5,5
837.wav,5,5
838.wav,5,5
839.wav,5,5
840.wav,5,5
841.wav,5,5
842.wav,5,5
843.wav,5,5
844.wav,5,5
845.wav,5,5
846.wav,5,5
847.wav,5,5
848.wav,5,5
849.wav,5,5
850.wav,5,5
851.wav,5,5
852.wav,5,5
853.wav,5,5
854.wav,5,5
855.wav,5,5
856.wav,5,5
857.wav,5,5
858.wav,5,5
859.wav,5,5
860.wav,5,5
861.wav,5,5
862.wav,5,5
863.wav,5,5
864.wav,5,5
865.wav,5,5
866.wav,5,5
867.wav,5,5
868.wav,5,5
869.wav,5,5
870.wav,5,5
871.wav,5,5
872.wav,5,5
873.wav,5,5
874.wav,5,5
875.wav,5,5
876.wav,5,5
877.wav,5,5
878.wav,5,5
879.wav,5,5
880.wav,5,5
881.wav,5,5
882.wav,5,5
883.wav,5,5
884.wav,5,5
885.wav,5,5
886.wav,5,5
887.wav,5,5
888.wav,5,5
889.wav,5,5
890.wav,5,5
891.wav,5,5
892.wav,5,5
893.wav,5,5
894.wav,5,5
895.wav,5,5
896.wav,5,5
897.wav,5,5
898.wav,5,5
899.wav,5,5
900.wav,5,5
901.wav,5,5
902.wav,5,5
903.wav,5,5
904.wav,5,5
905.wav,5,5
906.wav,5,5
907.wav,5,5
908.wav,5,5
909.wav,5,5
910.wav,5,5
911.wav,5,5
912.wav,5,5
913.wav,5,5
914.wav,5,5
915.wav,5,5
916.wav,5,5
917.wav,5,5
918.wav,5,5
919.wav,5,5
920.wav,5,5
921.wav,5,5
922.wav,5,5
923.wav,5,5
924.wav,5,5
925.wav,5,5
926.wav,5,5
927.wav,5,5
928.wav,5,5
929.wav,5,5
930.wav,5,5
931.wav,5,5
932.wav,5,5
933.wav,5,5
934.wav,5,5
935.wav,5,5
936.wav,5,5
937.wav,5,5
938.wav,5,5
939.wav,5,5
940.wav,5,5
941.wav,5,5
942.wav,5,5
943.wav,5,5
944.wav,5,5
945.wav,5,5
946.wav,5,5
947.wav,5,5
948.wav,5,5
949.wav,5,5
950.wav,5,5
951.wav,5,5
952.wav,5,5
953.wav,5,5
954.wav,5,5
955.wav,5,5
956.wav,5,5
957.wav,5,5
958.wav,5,5
959.wav,5,5
960.wav,5,5
961.wav,5,5
962.wav,5,5
963.wav,5,5
964.wav,5,5
965.wav,5,5
966.wav,5,5
967.wav,5,5
968.wav,5,5
969.wav,5,5
970.wav,5,5
971.wav,5,5
972.wav,5,5
973.wav,5,5
974.wav,5,5
975.wav,5,5
976.wav,5,5
977.wav,5,5
978.wav,5,5
979.wav,5,5
980.wav,5,5
981.wav,5,5
982.wav,5,5
983.wav,5,5
984.wav,5,5
985.wav,5,5
986.wav,5,5
987.wav,5,5
988.wav,5,5
989.wav,5,5
990.wav,5,5
991.wav,5,5
992.wav,5,5
993.wav,5,5
994.wav,5,5
995.wav,5,5
996.wav,5,5
997.wav,5,5
998.wav,5,5
999.wav,5,5
